customer_id,birth_year,region,employment_status,annual_income_eur,months_with_bank,home_ownership
C000001,1981,North,Retired,18594.9,172,Tenant
C000002,1987,West,Self-employed,31326.33,32,Owner
C000003,1987,Central,Self-employed,144464.89,164,Tenant
C000004,1987,North,Self-employed,79533.6,96,Owner
C000005,1974,West,Salaried,57644.28,221,Tenant
C000006,1975,East,Salaried,98633.92,232,Tenant
C000007,1984,Central,Salaried,89250.11,136,Mortgage
C000008,1977,South,Self-employed,56445.83,147,Tenant
C000009,1984,Central,Salaried,52634.25,230,Tenant
C000010,1977,North,Salaried,31774.28,98,Tenant
C000011,1982,South,Self-employed,63453.23,229,Mortgage
C000012,1982,North,Self-employed,18440.83,11,Mortgage
C000013,1976,North,Salaried,29776.8,231,Mortgage
C000014,1984,West,Salaried,42256.9,171,Owner
C000015,1964,Central,Salaried,36789.36,146,Owner
C000016,1970,North,Salaried,41657.16,105,Owner
C000017,1992,Central,Contract,44241.09,154,Tenant
C000018,1980,North,Contract,38838.46,23,Tenant
C000019,1969,West,Salaried,53331.36,67,Owner
C000020,1979,North,Contract,39988.82,95,Tenant
C000021,2001,South,Contract,54083.88,160,Owner
C000022,1996,North,Salaried,86412.34,73,Owner
C000023,1997,East,Contract,45173.6,116,Owner
C000024,1967,West,Retired,24092.48,45,Tenant
C000025,1967,South,Salaried,67827.08,46,Tenant
C000026,2004,Central,Salaried,62796.97,77,Mortgage
C000027,1997,East,Salaried,69470.33,136,Owner
C000028,1973,North,Self-employed,32760.39,236,Mortgage
C000029,1977,East,Salaried,16207.28,6,Mortgage
C000030,1966,South,Salaried,61663.2,175,Tenant
C000031,1986,North,Salaried,31643.32,184,Mortgage
C000032,1973,East,Retired,16000,240,Tenant
C000033,1980,East,Salaried,63741.49,235,Owner
C000034,1975,South,Salaried,32162.28,234,Mortgage
C000035,1983,East,Salaried,39596.49,237,Tenant
C000036,1955,Central,Retired,58003.06,130,Owner
C000037,2003,North,Salaried,28272.05,106,Mortgage
C000038,1983,Central,Salaried,35050.12,77,Tenant
C000039,2004,East,Self-employed,81198.39,61,Mortgage
C000040,1991,Central,Self-employed,64830.0,153,Tenant
C000041,1987,South,Retired,35763.07,135,Tenant
C000042,1990,East,Salaried,82279.6,172,Mortgage
C000043,1970,East,Self-employed,16000,162,Tenant
C000044,1963,East,Salaried,35638.74,138,Other
C000045,1974,South,Self-employed,62536.19,183,Owner
C000046,1982,South,Contract,40234.01,190,Owner
C000047,1959,South,Salaried,44384.29,31,Tenant
C000048,1990,South,Salaried,72115.72,19,Owner
C000049,1979,East,Salaried,30046.4,164,Owner
C000050,1972,Central,Contract,25231.82,59,Mortgage
C000051,1982,South,Salaried,36809.39,78,Tenant
C000052,1947,Central,Self-employed,43811.99,24,Owner
C000053,1984,East,Salaried,44820.49,118,Owner
C000054,1970,West,Salaried,155086.03,240,Mortgage
C000055,1985,West,Salaried,32019.18,108,Tenant
C000056,1979,North,Contract,32381.26,98,Mortgage
C000057,1967,West,Salaried,45866.63,85,Mortgage
C000058,1981,Central,Retired,32532.5,126,Owner
C000059,1961,Central,Salaried,68671.21,78,Tenant
C000060,1972,Central,Salaried,45588.28,228,Owner
C000061,1970,West,Salaried,89413.19,216,Tenant
C000062,1983,South,Salaried,28387.93,178,Tenant
C000063,1983,West,Retired,120998.17,229,Owner
C000064,1991,West,Salaried,38167.06,52,Owner
C000065,1988,North,Contract,22437.08,211,Mortgage
C000066,1985,South,Contract,49892.27,185,Mortgage
C000067,1968,Central,Salaried,54872.31,161,Tenant
C000068,2004,North,Self-employed,58847.83,207,Mortgage
C000069,1950,East,Self-employed,37139.23,239,Mortgage
C000070,1974,West,Salaried,45201.72,178,Other
C000071,1970,Central,Salaried,70414.94,33,Tenant
C000072,1977,North,Self-employed,45389.83,15,Mortgage
C000073,1975,East,Self-employed,91422.92,31,Tenant
C000074,2004,West,Salaried,43861.13,21,Mortgage
C000075,1988,East,Self-employed,65838.33,23,Tenant
C000076,1974,Central,Self-employed,87655.05,39,Owner
C000077,1968,North,Salaried,67242.55,134,Owner
C000078,1983,West,Salaried,52191.22,119,Owner
C000079,1984,North,Self-employed,52781.95,185,Owner
C000080,1969,West,Salaried,78305.79,86,Mortgage
C000081,1977,South,Salaried,80862.24,37,Mortgage
C000082,1999,North,Salaried,36394.26,129,Owner
C000083,1971,North,Salaried,59680.28,185,Tenant
C000084,1982,South,Self-employed,51841.04,89,Tenant
C000085,1974,East,Self-employed,60233.38,75,Owner
C000086,1973,North,Salaried,47889.43,133,Tenant
C000087,1975,East,Retired,64092.97,35,Mortgage
C000088,2004,North,Salaried,42644.4,168,Owner
C000089,1991,East,Retired,45253.61,200,Tenant
C000090,1957,Central,Salaried,56533.41,88,Tenant
C000091,1981,East,Salaried,38465.58,20,Mortgage
C000092,1976,Central,Salaried,49790.36,121,Owner
C000093,1993,South,Salaried,42013.64,110,Tenant
C000094,1977,West,Salaried,30046.91,27,Mortgage
C000095,1979,East,Retired,59485.54,98,Owner
C000096,1981,West,Salaried,21706.08,140,Owner
C000097,1983,West,Salaried,62204.12,66,Other
C000098,1972,East,Salaried,68971.57,202,Mortgage
C000099,2001,South,Retired,34285.55,237,Mortgage
C000100,1990,North,Salaried,42112.64,188,Tenant
C000101,1994,Central,Self-employed,47887.06,146,Other
C000102,1978,Central,Salaried,26218.59,133,Mortgage
C000103,1987,North,Salaried,52324.35,98,Owner
C000104,1968,West,Self-employed,31532.57,91,Owner
C000105,1989,West,Self-employed,103259.73,123,Owner
C000106,1976,Central,Retired,31975.63,18,Tenant
C000107,1960,East,Self-employed,82877.26,210,Mortgage
C000108,1992,East,Retired,34454.19,182,Mortgage
C000109,1985,West,Salaried,78726.24,46,Other
C000110,1974,Central,Salaried,37507.56,101,Mortgage
C000111,1960,North,Salaried,27782.95,162,Mortgage
C000112,1985,East,Salaried,69331.34,234,Mortgage
C000113,1981,East,Salaried,62810.96,125,Tenant
C000114,1947,North,Contract,54462.91,87,Tenant
C000115,1963,Central,Self-employed,57081.29,20,Tenant
C000116,1986,North,Salaried,96752.79,147,Mortgage
C000117,1953,South,Salaried,50146.51,150,Owner
C000118,1976,South,Salaried,91257.65,212,Tenant
C000119,1996,West,Salaried,25645.13,226,Mortgage
C000120,1989,Central,Salaried,27030.1,125,Mortgage
C000121,1967,Central,Self-employed,47442.64,192,Mortgage
C000122,1983,Central,Salaried,35385.68,165,Tenant
C000123,1981,North,Salaried,28627.32,91,Tenant
C000124,1981,East,Retired,37973.32,127,Tenant
C000125,1966,West,Self-employed,24499.79,155,Mortgage
C000126,1975,East,Retired,20303.5,113,Owner
C000127,1991,South,Retired,39854.43,175,Mortgage
C000128,1960,South,Salaried,132531.49,129,Owner
C000129,1974,South,Salaried,37641.91,209,Tenant
C000130,1974,Central,Salaried,27102.74,75,Tenant
C000131,1978,East,Salaried,61802.9,189,Mortgage
C000132,1983,West,Salaried,127621.33,79,Mortgage
C000133,1971,Central,Salaried,68955.52,220,Mortgage
C000134,1982,North,Retired,34962.7,47,Tenant
C000135,1985,South,Salaried,59176.39,108,Tenant
C000136,1966,West,Salaried,19897.2,8,Owner
C000137,1965,South,Salaried,70372.45,40,Mortgage
C000138,1951,West,Contract,105533.58,158,Tenant
C000139,1981,North,Salaried,21620.28,89,Tenant
C000140,1995,East,Retired,31224.62,149,Mortgage
C000141,1985,Central,Self-employed,53215.54,234,Owner
C000142,1966,West,Self-employed,24491.11,175,Tenant
C000143,1961,West,Salaried,137254.28,114,Mortgage
C000144,1984,North,Salaried,60233.63,227,Tenant
C000145,1972,Central,Salaried,60760.98,175,Mortgage
C000146,1980,South,Self-employed,22456.78,170,Tenant
C000147,1970,West,Salaried,67999.85,212,Mortgage
C000148,1998,South,Salaried,34795.07,143,Tenant
C000149,1970,East,Retired,16000,228,Tenant
C000150,1973,South,Self-employed,110238.87,88,Tenant
C000151,1961,Central,Salaried,46329.44,240,Owner
C000152,1974,North,Salaried,51382.61,64,Mortgage
C000153,2004,East,Salaried,57839.2,240,Tenant
C000154,1991,East,Salaried,51874.38,21,Mortgage
C000155,1980,Central,Salaried,48395.37,10,Mortgage
C000156,1982,West,Salaried,26522.93,82,Tenant
C000157,1996,East,Salaried,37530.49,206,Mortgage
C000158,1992,West,Self-employed,53620.07,51,Tenant
C000159,1991,Central,Self-employed,45726.21,105,Tenant
C000160,1987,East,Self-employed,43589.33,163,Other
C000161,1964,West,Contract,37406.92,175,Mortgage
C000162,1994,South,Salaried,29963.23,29,Owner
C000163,1983,South,Salaried,42414.74,29,Mortgage
C000164,1980,North,Self-employed,74623.44,74,Mortgage
C000165,1996,East,Salaried,29725.07,56,Mortgage
C000166,1973,South,Salaried,34051.7,160,Other
C000167,1979,South,Salaried,62829.45,215,Tenant
C000168,1977,South,Salaried,16000,70,Tenant
C000169,1976,South,Salaried,39626.77,235,Tenant
C000170,1977,West,Self-employed,25274.78,198,Mortgage
C000171,1984,West,Self-employed,35088.81,44,Mortgage
C000172,1994,East,Salaried,35361.3,118,Tenant
C000173,1970,East,Salaried,40411.79,90,Mortgage
C000174,1978,West,Salaried,51953.25,58,Mortgage
C000175,2004,East,Salaried,40701.22,169,Mortgage
C000176,1975,South,Salaried,21040.57,67,Mortgage
C000177,1971,West,Salaried,41490.16,50,Mortgage
C000178,1981,East,Salaried,97345.38,221,Mortgage
C000179,1967,West,Salaried,34223.24,132,Mortgage
C000180,1951,South,Salaried,67971.53,14,Mortgage
C000181,1978,West,Self-employed,16659.83,167,Mortgage
C000182,1992,Central,Salaried,49469.2,137,Other
C000183,1950,West,Retired,16482.47,131,Owner
C000184,1963,Central,Self-employed,71161.73,122,Other
C000185,1980,East,Self-employed,44264.05,60,Mortgage
C000186,1995,Central,Retired,60131.3,115,Owner
C000187,1990,Central,Contract,22580.4,48,Owner
C000188,2004,East,Salaried,30939.24,119,Owner
C000189,2004,North,Salaried,56885.9,204,Tenant
C000190,1990,West,Salaried,54731.14,95,Other
C000191,1961,Central,Salaried,56785.45,174,Tenant
C000192,1990,South,Self-employed,147766.64,169,Mortgage
C000193,1994,North,Salaried,33220.89,21,Other
C000194,1980,North,Salaried,37473.23,26,Mortgage
C000195,1948,North,Self-employed,114127.56,28,Tenant
C000196,1979,South,Self-employed,49664.34,101,Owner
C000197,1983,East,Salaried,49585.65,151,Owner
C000198,1970,Central,Salaried,26439.0,15,Mortgage
C000199,1981,North,Salaried,27304.51,211,Mortgage
C000200,1983,South,Self-employed,42355.94,206,Mortgage
C000201,2000,South,Self-employed,65491.98,94,Tenant
C000202,1986,South,Salaried,16000,222,Mortgage
C000203,2004,South,Retired,16000,72,Tenant
C000204,1970,East,Salaried,29129.87,224,Owner
C000205,1993,South,Salaried,68890.83,137,Owner
C000206,1974,North,Retired,36050.22,205,Other
C000207,1982,Central,Self-employed,54449.37,218,Tenant
C000208,1986,South,Salaried,65999.95,238,Owner
C000209,1980,South,Salaried,35275.18,41,Mortgage
C000210,1972,West,Salaried,25131.94,94,Tenant
C000211,2004,South,Salaried,51304.44,214,Tenant
C000212,1973,East,Salaried,34237.53,186,Tenant
C000213,1994,North,Salaried,30471.64,240,Mortgage
C000214,1984,West,Salaried,24288.33,175,Mortgage
C000215,1996,North,Contract,43637.87,84,Tenant
C000216,2002,West,Self-employed,53235.67,169,Mortgage
C000217,1987,South,Retired,30859.52,33,Tenant
C000218,1997,West,Salaried,73886.89,153,Tenant
C000219,1971,North,Salaried,32183.68,158,Other
C000220,1960,West,Salaried,39551.45,82,Owner
C000221,1991,North,Salaried,63941.99,222,Owner
C000222,1999,South,Salaried,41394.35,220,Owner
C000223,1977,Central,Salaried,141843.81,215,Mortgage
C000224,2003,North,Salaried,52168.5,60,Tenant
C000225,1986,East,Contract,32682.39,229,Owner
C000226,1978,North,Salaried,27085.16,109,Owner
C000227,1987,East,Salaried,20566.4,184,Tenant
C000228,1996,South,Self-employed,54630.14,130,Tenant
C000229,1991,Central,Salaried,46729.01,186,Owner
C000230,2004,East,Self-employed,33490.39,147,Mortgage
C000231,1947,Central,Salaried,41730.18,171,Owner
C000232,1991,Central,Contract,49737.86,63,Owner
C000233,1984,East,Salaried,102932.44,175,Other
C000234,1988,South,Self-employed,48808.65,173,Tenant
C000235,1967,West,Retired,41235.69,81,Owner
C000236,1994,West,Salaried,18978.28,238,Other
C000237,1961,East,Salaried,34146.6,239,Owner
C000238,1986,South,Self-employed,24317.92,223,Owner
C000239,1972,East,Salaried,35314.71,228,Tenant
C000240,1959,East,Retired,31117.96,167,Other
C000241,1952,North,Self-employed,53578.48,117,Tenant
C000242,2004,North,Salaried,41954.69,179,Owner
C000243,1980,East,Salaried,88999.21,181,Other
C000244,2003,North,Contract,65794.3,193,Owner
C000245,1974,North,Salaried,75357.3,33,Tenant
C000246,1969,South,Salaried,45345.13,175,Owner
C000247,2004,East,Retired,33470.9,161,Owner
C000248,1958,North,Salaried,22566.65,29,Tenant
C000249,1983,Central,Salaried,33012.59,233,Owner
C000250,1993,Central,Salaried,102425.82,75,Tenant
C000251,1985,West,Salaried,44990.16,162,Owner
C000252,1964,East,Salaried,28274.57,150,Owner
C000253,1977,Central,Self-employed,47809.1,234,Other
C000254,1998,South,Retired,32397.48,66,Owner
C000255,2004,Central,Salaried,24538.81,208,Mortgage
C000256,1994,East,Self-employed,87168.18,149,Tenant
C000257,1966,South,Salaried,33991.52,33,Owner
C000258,1965,East,Salaried,51719.35,206,Owner
C000259,1978,North,Self-employed,45958.53,194,Owner
C000260,1964,South,Salaried,37178.28,161,Tenant
C000261,1963,South,Salaried,28374.54,185,Mortgage
C000262,1997,West,Salaried,79678.67,187,Owner
C000263,2004,Central,Salaried,159396.26,139,Owner
C000264,1980,East,Self-employed,66123.77,163,Tenant
C000265,1995,Central,Salaried,141653.77,105,Mortgage
C000266,1998,West,Retired,54461.3,100,Tenant
C000267,1989,East,Salaried,20821.9,102,Owner
C000268,1971,West,Salaried,30358.87,221,Tenant
C000269,2000,East,Salaried,35423.79,143,Mortgage
C000270,1965,North,Salaried,44386.27,94,Mortgage
C000271,1980,Central,Contract,67032.06,216,Tenant
C000272,1968,West,Self-employed,42738.36,59,Tenant
C000273,1995,South,Salaried,85852.5,28,Owner
C000274,1984,South,Contract,33134.2,36,Mortgage
C000275,1970,South,Self-employed,42014.4,175,Owner
C000276,1978,East,Retired,21002.79,27,Mortgage
C000277,1989,Central,Self-employed,50472.38,224,Owner
C000278,1997,Central,Salaried,55643.9,97,Owner
C000279,1991,East,Salaried,41957.0,99,Tenant
C000280,1988,East,Salaried,32854.79,204,Mortgage
C000281,2003,North,Retired,17655.12,154,Mortgage
C000282,1960,Central,Self-employed,31601.21,40,Mortgage
C000283,1996,East,Retired,61161.36,51,Mortgage
C000284,1999,East,Contract,28377.83,208,Mortgage
C000285,1993,North,Salaried,64979.64,173,Mortgage
C000286,1970,Central,Contract,26188.75,233,Mortgage
C000287,1992,North,Self-employed,37699.06,64,Mortgage
C000288,1988,East,Salaried,56566.98,40,Mortgage
C000289,1967,South,Salaried,48876.99,27,Owner
C000290,1965,East,Salaried,23631.78,48,Tenant
C000291,1965,East,Salaried,31528.97,44,Mortgage
C000292,1947,East,Salaried,57846.63,6,Tenant
C000293,1949,South,Salaried,47880.03,156,Tenant
C000294,1980,North,Salaried,20503.24,196,Tenant
C000295,2003,South,Self-employed,39718.32,224,Mortgage
C000296,2004,East,Salaried,26131.12,204,Tenant
C000297,1992,South,Salaried,56025.47,146,Mortgage
C000298,1989,East,Salaried,50648.81,191,Mortgage
C000299,2000,Central,Retired,39809.17,79,Owner
C000300,1989,West,Self-employed,36189.74,109,Mortgage
C000301,1979,South,Salaried,29669.38,33,Mortgage
C000302,1991,South,Salaried,53674.17,129,Tenant
C000303,1960,North,Salaried,34011.53,219,Owner
C000304,1996,North,Salaried,32084.55,197,Tenant
C000305,1972,West,Self-employed,36808.53,144,Other
C000306,1981,West,Salaried,16063.67,38,Owner
C000307,1984,North,Salaried,55498.6,59,Mortgage
C000308,1984,West,Contract,32513.11,99,Tenant
C000309,1991,South,Salaried,30133.68,43,Tenant
C000310,1980,East,Salaried,107599.51,70,Mortgage
C000311,1983,South,Retired,31085.6,149,Mortgage
C000312,1966,South,Salaried,60002.7,136,Mortgage
C000313,1971,West,Self-employed,35620.97,152,Mortgage
C000314,1969,East,Salaried,22277.33,48,Owner
C000315,1999,West,Self-employed,96680.18,27,Owner
C000316,2004,Central,Salaried,24908.62,125,Other
C000317,1973,East,Self-employed,26477.22,140,Tenant
C000318,1979,North,Salaried,35881.28,79,Mortgage
C000319,1979,North,Salaried,39199.24,194,Tenant
C000320,1974,South,Self-employed,61546.5,54,Tenant
C000321,1980,North,Salaried,52322.61,74,Owner
C000322,1976,North,Self-employed,49779.65,198,Other
C000323,1973,West,Salaried,62375.95,119,Owner
C000324,1969,North,Contract,16000,129,Tenant
C000325,1969,East,Salaried,32315.33,101,Tenant
C000326,1985,East,Contract,47053.4,33,Owner
C000327,1974,North,Retired,30779.25,236,Owner
C000328,1986,East,Salaried,48864.86,226,Mortgage
C000329,1973,West,Salaried,41304.25,174,Other
C000330,1977,Central,Salaried,39755.72,51,Tenant
C000331,1975,South,Retired,42503.26,161,Tenant
C000332,1993,Central,Retired,30476.53,216,Mortgage
C000333,1996,South,Salaried,67868.49,166,Other
C000334,1983,Central,Salaried,73780.56,146,Mortgage
C000335,1971,West,Contract,30360.0,161,Owner
C000336,1990,West,Salaried,18233.37,182,Tenant
C000337,1991,East,Salaried,35614.52,61,Tenant
C000338,1978,West,Self-employed,95686.41,153,Mortgage
C000339,1973,North,Salaried,108181.94,140,Owner
C000340,1984,East,Salaried,62750.81,62,Mortgage
C000341,1962,East,Salaried,40308.41,56,Mortgage
C000342,1991,North,Salaried,42333.36,84,Owner
C000343,1976,West,Salaried,71872.94,27,Owner
C000344,1980,East,Retired,18708.17,72,Mortgage
C000345,1987,North,Salaried,91405.18,184,Mortgage
C000346,1991,Central,Self-employed,114048.83,31,Tenant
C000347,1990,West,Contract,44697.91,10,Mortgage
C000348,1979,North,Salaried,89648.12,235,Mortgage
C000349,1978,South,Retired,42072.05,160,Mortgage
C000350,1971,North,Retired,49444.38,238,Other
C000351,1959,Central,Salaried,16000,111,Other
C000352,1975,East,Self-employed,35566.42,65,Tenant
C000353,1966,North,Salaried,60668.07,55,Owner
C000354,1989,Central,Salaried,55024.34,118,Tenant
C000355,1971,East,Salaried,40478.46,140,Tenant
C000356,1998,West,Salaried,220000,18,Owner
C000357,1999,North,Salaried,42817.52,155,Tenant
C000358,1993,South,Salaried,59512.06,183,Tenant
C000359,1964,Central,Self-employed,55996.53,162,Other
C000360,1971,West,Salaried,53854.46,113,Mortgage
C000361,1964,East,Retired,32558.19,61,Mortgage
C000362,1974,North,Salaried,51234.57,43,Owner
C000363,1992,West,Salaried,40127.87,185,Mortgage
C000364,1979,North,Salaried,25595.32,183,Tenant
C000365,1968,West,Salaried,47617.45,186,Mortgage
C000366,1980,East,Salaried,23808.66,52,Tenant
C000367,1998,East,Salaried,113307.84,17,Mortgage
C000368,1994,West,Salaried,46804.04,13,Tenant
C000369,1986,Central,Salaried,28049.59,20,Tenant
C000370,1968,Central,Salaried,96386.69,77,Tenant
C000371,1972,Central,Salaried,35121.69,187,Owner
C000372,1982,East,Contract,27448.04,134,Owner
C000373,1985,Central,Salaried,25558.53,229,Owner
C000374,1968,North,Salaried,50761.67,76,Mortgage
C000375,2000,East,Salaried,105575.16,75,Owner
C000376,1997,West,Self-employed,39681.45,33,Mortgage
C000377,1986,North,Self-employed,65389.56,200,Tenant
C000378,1967,East,Salaried,44352.82,65,Other
C000379,1969,East,Salaried,75934.14,22,Mortgage
C000380,1967,South,Salaried,31379.82,111,Owner
C000381,1993,North,Salaried,60786.75,177,Owner
C000382,1986,West,Retired,96609.25,29,Owner
C000383,1993,East,Self-employed,62910.22,58,Tenant
C000384,1956,South,Salaried,48371.12,226,Mortgage
C000385,1989,North,Self-employed,43742.95,148,Mortgage
C000386,1976,East,Salaried,45582.76,207,Tenant
C000387,1981,West,Salaried,43743.85,74,Mortgage
C000388,1982,Central,Salaried,55334.04,28,Owner
C000389,1962,North,Salaried,54628.2,122,Mortgage
C000390,1969,North,Self-employed,41979.61,127,Mortgage
C000391,1995,South,Salaried,45804.76,71,Owner
C000392,1972,Central,Salaried,64521.72,226,Owner
C000393,1975,East,Salaried,35391.0,221,Mortgage
C000394,1969,South,Salaried,25044.9,186,Mortgage
C000395,1966,North,Self-employed,43534.26,142,Tenant
C000396,1968,North,Salaried,109646.09,92,Tenant
C000397,2004,Central,Salaried,58895.72,61,Other
C000398,1947,Central,Salaried,159344.87,184,Owner
C000399,1965,South,Contract,75490.17,205,Owner
C000400,1984,West,Contract,27150.5,51,Tenant
C000401,1958,North,Salaried,43638.85,133,Owner
C000402,1975,East,Self-employed,105665.79,117,Mortgage
C000403,1999,Central,Salaried,91516.5,91,Tenant
C000404,1977,North,Salaried,40518.25,104,Tenant
C000405,1991,Central,Salaried,79762.32,170,Mortgage
C000406,1984,Central,Salaried,96219.03,44,Tenant
C000407,1997,North,Salaried,107785.06,167,Owner
C000408,1981,South,Salaried,61484.83,211,Owner
C000409,2002,North,Salaried,63947.5,100,Mortgage
C000410,2004,Central,Self-employed,23678.47,112,Tenant
C000411,2004,East,Salaried,44111.9,189,Mortgage
C000412,1980,West,Salaried,29427.65,174,Owner
C000413,1985,South,Contract,37751.78,163,Tenant
C000414,1986,West,Salaried,71317.1,89,Owner
C000415,1983,East,Salaried,49857.54,51,Mortgage
C000416,1967,North,Salaried,17856.5,93,Owner
C000417,1991,East,Retired,37509.91,226,Other
C000418,1965,East,Self-employed,37055.71,44,Tenant
C000419,1976,East,Salaried,29960.69,27,Mortgage
C000420,1949,West,Salaried,45386.33,12,Other
C000421,1989,East,Retired,45820.54,81,Mortgage
C000422,1989,South,Self-employed,60731.23,50,Tenant
C000423,1960,Central,Salaried,50768.62,185,Owner
C000424,1988,East,Self-employed,41341.12,37,Mortgage
C000425,1991,North,Self-employed,29228.17,58,Mortgage
C000426,1976,South,Salaried,54560.91,171,Tenant
C000427,2001,South,Salaried,78249.99,101,Other
C000428,1977,South,Self-employed,119279.77,16,Other
C000429,1979,West,Self-employed,30142.24,81,Mortgage
C000430,1999,South,Retired,28213.21,108,Mortgage
C000431,1974,North,Salaried,51087.31,223,Mortgage
C000432,1967,North,Salaried,200990.9,224,Mortgage
C000433,2004,Central,Salaried,41211.02,192,Tenant
C000434,2004,East,Salaried,57967.5,148,Mortgage
C000435,1992,East,Salaried,44533.22,195,Mortgage
C000436,1982,South,Self-employed,84885.18,36,Tenant
C000437,1970,West,Salaried,43387.7,10,Tenant
C000438,1986,East,Salaried,22545.63,25,Mortgage
C000439,1968,North,Retired,40269.94,154,Mortgage
C000440,1977,Central,Salaried,29661.68,222,Mortgage
C000441,1998,Central,Salaried,45362.37,158,Mortgage
C000442,1988,North,Self-employed,61799.07,10,Tenant
C000443,1966,West,Salaried,37691.12,160,Owner
C000444,1981,South,Contract,32796.47,151,Owner
C000445,1966,West,Contract,16000,53,Mortgage
C000446,1980,South,Salaried,93608.36,35,Mortgage
C000447,1966,North,Salaried,31225.87,178,Mortgage
C000448,1965,East,Salaried,38345.17,109,Owner
C000449,1976,East,Salaried,19827.88,160,Other
C000450,1981,North,Salaried,140338.55,160,Tenant
C000451,2001,East,Self-employed,138152.64,72,Mortgage
C000452,1982,North,Contract,28956.65,174,Tenant
C000453,1970,West,Self-employed,49328.62,152,Mortgage
C000454,1973,North,Salaried,34469.45,157,Owner
C000455,1958,North,Self-employed,28322.79,84,Owner
C000456,2001,North,Salaried,47383.97,87,Mortgage
C000457,1977,East,Salaried,63731.45,133,Tenant
C000458,1993,East,Self-employed,58021.25,115,Owner
C000459,1987,East,Salaried,48306.71,201,Mortgage
C000460,1965,Central,Retired,52406.2,238,Mortgage
C000461,1989,South,Salaried,19330.16,218,Tenant
C000462,1988,North,Salaried,56328.36,210,Tenant
C000463,2004,West,Salaried,34017.59,51,Tenant
C000464,1967,Central,Contract,98201.28,221,Owner
C000465,1971,East,Contract,29900.56,105,Tenant
C000466,1979,North,Salaried,34378.78,145,Mortgage
C000467,1966,West,Salaried,120411.87,19,Tenant
C000468,1988,Central,Salaried,79114.36,240,Mortgage
C000469,1967,East,Salaried,45296.86,215,Owner
C000470,1963,West,Self-employed,52750.08,53,Tenant
C000471,1950,Central,Salaried,71086.82,181,Mortgage
C000472,1998,East,Salaried,39090.95,11,Other
C000473,1995,Central,Salaried,43048.48,36,Owner
C000474,2002,South,Salaried,35350.46,116,Tenant
C000475,1987,West,Salaried,42676.06,238,Owner
C000476,1991,East,Retired,60835.8,158,Owner
C000477,1988,South,Contract,22697.35,234,Mortgage
C000478,1980,North,Retired,21354.94,17,Other
C000479,1980,North,Salaried,71491.47,194,Other
C000480,1992,East,Salaried,24401.52,132,Owner
C000481,1965,West,Salaried,133646.51,60,Mortgage
C000482,1987,Central,Self-employed,78073.02,220,Mortgage
C000483,1985,West,Self-employed,29292.39,121,Mortgage
C000484,1985,North,Self-employed,43028.88,203,Tenant
C000485,1998,East,Salaried,82623.45,212,Tenant
C000486,1979,East,Salaried,41158.71,100,Mortgage
C000487,1996,West,Salaried,23209.83,140,Owner
C000488,1991,East,Contract,46584.78,147,Owner
C000489,1987,East,Self-employed,53624.09,35,Tenant
C000490,1987,South,Salaried,96252.16,229,Tenant
C000491,1975,South,Salaried,42697.1,174,Other
C000492,1984,North,Salaried,72313.97,9,Owner
C000493,1980,West,Salaried,32099.6,43,Mortgage
C000494,1979,East,Contract,32229.82,219,Mortgage
C000495,1998,East,Salaried,46067.77,191,Mortgage
C000496,1985,East,Salaried,42444.45,171,Mortgage
C000497,1967,West,Salaried,75690.11,39,Tenant
C000498,2002,North,Self-employed,40472.84,129,Owner
C000499,1968,North,Contract,31105.12,217,Tenant
C000500,1955,East,Salaried,51079.78,235,Owner
C000501,1972,North,Contract,34570.05,162,Mortgage
C000502,1961,East,Salaried,31069.36,228,Owner
C000503,2004,South,Salaried,34823.91,135,Owner
C000504,1974,East,Salaried,71021.68,110,Tenant
C000505,1987,West,Self-employed,50619.38,117,Owner
C000506,1974,South,Salaried,66719.64,108,Tenant
C000507,1987,Central,Salaried,51433.04,165,Tenant
C000508,1997,West,Salaried,32988.54,195,Tenant
C000509,1980,Central,Salaried,32888.4,83,Tenant
C000510,1998,East,Salaried,53211.36,66,Tenant
C000511,1971,South,Self-employed,83699.08,89,Mortgage
C000512,1983,North,Salaried,43021.73,25,Mortgage
C000513,2000,East,Salaried,46365.52,112,Tenant
C000514,1993,West,Self-employed,69038.74,149,Mortgage
C000515,1973,East,Salaried,34334.5,18,Tenant
C000516,2001,South,Salaried,48346.47,121,Tenant
C000517,1983,Central,Self-employed,50229.07,89,Owner
C000518,1992,North,Salaried,43641.97,167,Tenant
C000519,2004,North,Salaried,57947.54,127,Mortgage
C000520,2001,South,Salaried,87731.38,156,Owner
C000521,1987,South,Salaried,34199.92,110,Tenant
C000522,1994,East,Salaried,70534.72,66,Mortgage
C000523,1984,Central,Salaried,40285.9,74,Mortgage
C000524,1966,West,Salaried,51181.1,42,Mortgage
C000525,1969,South,Contract,36540.06,167,Owner
C000526,1994,Central,Self-employed,128801.87,232,Tenant
C000527,1983,North,Salaried,82857.82,183,Owner
C000528,1982,Central,Salaried,60153.72,102,Tenant
C000529,1983,North,Salaried,29264.01,77,Tenant
C000530,1993,East,Retired,32061.82,49,Mortgage
C000531,1994,West,Salaried,29877.91,55,Tenant
C000532,1958,South,Self-employed,41832.49,222,Other
C000533,1990,East,Self-employed,73714.45,7,Mortgage
C000534,1985,West,Salaried,69958.17,13,Mortgage
C000535,1985,South,Salaried,30933.55,209,Owner
C000536,1977,North,Salaried,78754.91,20,Mortgage
C000537,1999,Central,Salaried,58503.71,231,Mortgage
C000538,1981,East,Salaried,73591.78,164,Mortgage
C000539,1974,South,Salaried,16000,93,Mortgage
C000540,1994,West,Salaried,27181.08,125,Mortgage
C000541,1977,West,Salaried,34959.82,214,Mortgage
C000542,1997,West,Salaried,30268.53,17,Other
C000543,1989,South,Salaried,66811.56,31,Owner
C000544,1985,East,Self-employed,66521.31,168,Owner
C000545,1970,North,Self-employed,43206.27,126,Tenant
C000546,2004,East,Self-employed,40584.39,129,Tenant
C000547,1961,Central,Salaried,41255.72,101,Owner
C000548,1988,East,Salaried,22103.73,100,Tenant
C000549,1965,West,Self-employed,44187.26,207,Mortgage
C000550,1957,Central,Salaried,55835.69,54,Tenant
C000551,1976,East,Self-employed,43898.62,137,Other
C000552,1970,North,Salaried,50215.14,222,Owner
C000553,1970,East,Salaried,36749.41,181,Tenant
C000554,1959,South,Salaried,60708.19,103,Owner
C000555,1980,West,Salaried,32291.51,131,Owner
C000556,1995,West,Salaried,48108.73,105,Other
C000557,1981,South,Salaried,107584.77,7,Other
C000558,1982,North,Salaried,51701.34,171,Tenant
C000559,1971,Central,Self-employed,67099.55,52,Tenant
C000560,1977,West,Salaried,89231.51,236,Owner
C000561,1992,East,Salaried,36165.24,24,Tenant
C000562,1976,West,Salaried,28543.21,124,Mortgage
C000563,1980,North,Salaried,29711.64,201,Owner
C000564,1979,West,Retired,34207.54,32,Mortgage
C000565,1987,East,Self-employed,85691.49,9,Mortgage
C000566,1994,North,Self-employed,68238.22,89,Mortgage
C000567,1976,West,Salaried,34727.31,17,Owner
C000568,1975,West,Salaried,64842.49,232,Tenant
C000569,1983,North,Salaried,31489.17,41,Mortgage
C000570,1973,South,Contract,158118.23,170,Tenant
C000571,1985,North,Self-employed,22400.09,240,Tenant
C000572,1993,West,Salaried,36080.44,42,Tenant
C000573,1982,North,Salaried,46916.66,114,Owner
C000574,1963,North,Salaried,59112.64,118,Mortgage
C000575,1991,East,Salaried,66629.26,50,Owner
C000576,1991,North,Salaried,27056.22,134,Tenant
C000577,1972,West,Self-employed,43702.92,168,Tenant
C000578,1969,South,Salaried,63913.62,122,Other
C000579,1971,East,Salaried,60910.29,183,Mortgage
C000580,1972,North,Self-employed,20447.62,197,Owner
C000581,1989,North,Self-employed,44631.45,53,Tenant
C000582,1960,North,Self-employed,41130.07,81,Owner
C000583,1971,East,Salaried,86235.02,200,Owner
C000584,1990,South,Self-employed,41628.33,162,Owner
C000585,1970,West,Self-employed,24379.23,214,Owner
C000586,1957,Central,Self-employed,83441.25,194,Mortgage
C000587,1974,North,Salaried,20245.51,42,Tenant
C000588,1961,East,Retired,25377.79,68,Owner
C000589,1986,North,Self-employed,37054.1,40,Tenant
C000590,1996,Central,Salaried,102047.09,196,Tenant
C000591,1975,South,Retired,25535.38,224,Mortgage
C000592,1951,Central,Salaried,39844.97,38,Mortgage
C000593,1983,North,Salaried,79060.02,176,Tenant
C000594,1990,Central,Retired,38282.49,21,Other
C000595,1971,East,Retired,38616.82,106,Mortgage
C000596,1987,North,Salaried,41343.87,192,Mortgage
C000597,1972,North,Salaried,74632.86,41,Mortgage
C000598,1976,North,Salaried,55996.76,97,Other
C000599,1976,West,Salaried,31132.56,209,Tenant
C000600,1947,South,Self-employed,47741.56,156,Mortgage
C000601,1984,North,Salaried,44838.17,22,Tenant
C000602,1965,Central,Self-employed,51161.39,172,Owner
C000603,1991,North,Salaried,60860.41,149,Owner
C000604,1980,East,Contract,59456.84,86,Mortgage
C000605,1978,South,Salaried,32676.56,38,Tenant
C000606,1991,West,Salaried,24798.4,74,Other
C000607,1983,East,Retired,37692.94,25,Mortgage
C000608,1999,Central,Salaried,38097.2,156,Tenant
C000609,1985,West,Salaried,105436.26,207,Mortgage
C000610,1994,West,Salaried,47032.42,19,Tenant
C000611,1987,South,Salaried,43762.84,115,Mortgage
C000612,1960,North,Salaried,23800.2,67,Other
C000613,1971,East,Contract,33490.81,179,Tenant
C000614,1974,West,Self-employed,88047.13,216,Other
C000615,1984,South,Self-employed,73389.53,19,Mortgage
C000616,1993,South,Salaried,53001.6,60,Owner
C000617,2001,South,Contract,42450.76,33,Owner
C000618,1981,West,Salaried,33996.69,63,Mortgage
C000619,1993,North,Salaried,43926.71,113,Tenant
C000620,1974,West,Salaried,56585.74,231,Mortgage
C000621,1968,East,Salaried,54146.8,8,Mortgage
C000622,1972,West,Salaried,46992.09,213,Owner
C000623,1984,North,Self-employed,36395.64,43,Mortgage
C000624,1988,East,Salaried,53252.2,170,Owner
C000625,1993,East,Salaried,38138.27,70,Other
C000626,1968,South,Salaried,62572.64,172,Mortgage
C000627,1977,East,Salaried,29992.12,200,Owner
C000628,1998,Central,Retired,57502.43,134,Tenant
C000629,1984,East,Salaried,46977.45,105,Mortgage
C000630,1980,South,Self-employed,44225.38,187,Owner
C000631,2004,West,Self-employed,80851.29,100,Mortgage
C000632,1995,East,Salaried,58851.84,58,Tenant
C000633,1973,Central,Self-employed,35019.64,29,Mortgage
C000634,2004,Central,Contract,26631.24,181,Mortgage
C000635,1964,North,Retired,37255.04,69,Tenant
C000636,1971,East,Salaried,76792.32,68,Owner
C000637,1972,Central,Salaried,33440.77,12,Owner
C000638,1963,Central,Self-employed,83637.46,63,Owner
C000639,1979,West,Retired,36129.17,44,Tenant
C000640,1949,Central,Salaried,46396.5,44,Tenant
C000641,1987,North,Contract,50066.64,88,Other
C000642,2000,West,Self-employed,35900.62,68,Mortgage
C000643,1972,North,Salaried,51077.41,98,Owner
C000644,2004,North,Retired,46697.7,41,Owner
C000645,1979,North,Salaried,52523.22,42,Owner
C000646,1984,West,Self-employed,62384.27,183,Owner
C000647,1985,South,Salaried,16000,152,Mortgage
C000648,1989,West,Salaried,25566.78,149,Mortgage
C000649,1986,South,Salaried,42029.84,32,Owner
C000650,1973,East,Salaried,19821.12,169,Tenant
C000651,1994,Central,Contract,37335.45,198,Mortgage
C000652,1989,North,Contract,45175.08,212,Tenant
C000653,2004,Central,Salaried,20014.73,65,Tenant
C000654,1997,South,Contract,39677.54,98,Mortgage
C000655,2004,Central,Salaried,106986.63,235,Owner
C000656,1991,South,Salaried,16000,230,Mortgage
C000657,1984,West,Salaried,62417.74,86,Mortgage
C000658,1974,Central,Self-employed,65162.47,8,Owner
C000659,1987,East,Salaried,113364.21,215,Mortgage
C000660,1982,East,Self-employed,35034.18,77,Mortgage
C000661,1983,North,Salaried,34860.38,42,Owner
C000662,1967,West,Salaried,55641.9,48,Owner
C000663,1979,West,Retired,16000,216,Tenant
C000664,1973,East,Salaried,39806.66,154,Owner
C000665,1979,Central,Salaried,40042.58,10,Mortgage
C000666,1968,Central,Contract,34081.14,91,Owner
C000667,1974,South,Salaried,25401.66,164,Tenant
C000668,1960,Central,Salaried,57416.31,60,Owner
C000669,1963,North,Salaried,31676.26,101,Tenant
C000670,1986,East,Retired,34625.72,116,Owner
C000671,1981,West,Salaried,47579.18,221,Tenant
C000672,1973,West,Salaried,56962.6,62,Mortgage
C000673,1974,North,Self-employed,59320.76,123,Tenant
C000674,1970,East,Salaried,35942.22,166,Owner
C000675,1979,Central,Retired,18187.86,94,Mortgage
C000676,1992,South,Contract,17504.83,62,Owner
C000677,1985,East,Salaried,74434.53,108,Tenant
C000678,2004,East,Contract,41107.92,120,Mortgage
C000679,1978,North,Salaried,50541.55,14,Other
C000680,1983,South,Contract,39384.26,61,Tenant
C000681,1979,East,Salaried,36073.55,140,Owner
C000682,1974,Central,Self-employed,58826.53,56,Owner
C000683,1994,Central,Salaried,37334.74,7,Tenant
C000684,2001,South,Contract,89656.35,148,Tenant
C000685,1992,Central,Salaried,161072.82,41,Owner
C000686,2004,North,Salaried,76796.66,83,Owner
C000687,1963,East,Salaried,27333.59,37,Mortgage
C000688,1960,South,Self-employed,49136.08,219,Tenant
C000689,1997,East,Contract,28741.41,225,Mortgage
C000690,1978,South,Contract,32087.33,23,Mortgage
C000691,1997,North,Salaried,58648.15,134,Mortgage
C000692,1989,South,Salaried,70611.55,161,Mortgage
C000693,1993,West,Salaried,38116.07,189,Mortgage
C000694,1971,South,Salaried,33521.87,6,Owner
C000695,1993,Central,Retired,24181.67,42,Other
C000696,1998,East,Retired,16000,6,Mortgage
C000697,1990,North,Contract,66077.78,83,Tenant
C000698,1971,South,Self-employed,34822.93,138,Tenant
C000699,1981,West,Self-employed,57750.65,116,Mortgage
C000700,1997,Central,Salaried,99747.15,106,Mortgage
C000701,1971,North,Salaried,79518.23,8,Mortgage
C000702,2004,North,Self-employed,60089.55,16,Owner
C000703,1958,Central,Salaried,72980.34,188,Mortgage
C000704,1993,South,Salaried,91458.34,85,Owner
C000705,1982,West,Salaried,33015.74,219,Mortgage
C000706,1984,North,Self-employed,47751.96,149,Owner
C000707,1972,West,Salaried,120460.15,124,Tenant
C000708,1966,North,Salaried,45435.37,58,Mortgage
C000709,1963,North,Self-employed,23970.07,23,Owner
C000710,1975,West,Salaried,74459.15,225,Tenant
C000711,1982,North,Salaried,56552.36,156,Mortgage
C000712,1983,North,Salaried,43690.76,83,Owner
C000713,1996,Central,Salaried,44924.85,59,Mortgage
C000714,1959,South,Salaried,60339.19,201,Tenant
C000715,1977,Central,Salaried,67880.68,23,Owner
C000716,1970,Central,Retired,41565.1,199,Other
C000717,1982,West,Salaried,34810.58,148,Owner
C000718,1972,North,Salaried,25974.0,213,Owner
C000719,1990,Central,Salaried,68030.51,134,Mortgage
C000720,1986,South,Salaried,41802.0,159,Mortgage
C000721,1992,East,Salaried,19280.27,67,Tenant
C000722,1997,South,Salaried,72610.91,91,Tenant
C000723,1977,Central,Self-employed,48591.55,212,Owner
C000724,2002,West,Contract,31323.75,116,Mortgage
C000725,1977,West,Salaried,61242.16,10,Mortgage
C000726,1985,East,Salaried,27926.4,20,Owner
C000727,1999,South,Salaried,37671.78,86,Mortgage
C000728,1981,South,Salaried,30150.35,240,Tenant
C000729,1995,East,Retired,23927.99,165,Mortgage
C000730,1957,North,Salaried,48706.24,66,Tenant
C000731,1994,East,Salaried,34940.23,226,Mortgage
C000732,2002,South,Salaried,52922.7,198,Mortgage
C000733,1990,West,Salaried,92004.95,225,Other
C000734,1968,West,Salaried,91844.73,76,Owner
C000735,1948,East,Self-employed,36210.1,37,Mortgage
C000736,1979,East,Salaried,34137.75,26,Mortgage
C000737,2002,North,Self-employed,22506.99,35,Tenant
C000738,1994,North,Salaried,84618.66,135,Mortgage
C000739,1971,South,Retired,27155.86,207,Mortgage
C000740,1979,North,Salaried,38244.21,86,Mortgage
C000741,1993,East,Salaried,61970.23,146,Tenant
C000742,1986,East,Salaried,60344.7,239,Owner
C000743,1986,East,Self-employed,33439.55,240,Mortgage
C000744,1969,South,Retired,49303.85,36,Owner
C000745,1986,Central,Self-employed,32799.03,39,Mortgage
C000746,2002,South,Self-employed,37369.45,161,Mortgage
C000747,1982,North,Salaried,67350.81,202,Mortgage
C000748,1974,West,Salaried,39096.9,65,Mortgage
C000749,1986,North,Retired,30004.11,214,Other
C000750,1991,East,Retired,26109.77,63,Tenant
C000751,1958,West,Salaried,54300.31,139,Owner
C000752,1996,Central,Salaried,85093.93,211,Owner
C000753,1960,South,Salaried,57383.6,15,Mortgage
C000754,1987,Central,Salaried,29334.96,193,Mortgage
C000755,1982,West,Self-employed,33478.55,15,Mortgage
C000756,1987,South,Salaried,54012.1,130,Mortgage
C000757,1983,East,Salaried,66487.89,51,Mortgage
C000758,1981,South,Self-employed,46707.58,80,Owner
C000759,1969,South,Salaried,58715.45,19,Owner
C000760,1998,Central,Salaried,49740.08,163,Mortgage
C000761,1995,Central,Salaried,28258.11,220,Mortgage
C000762,1981,South,Self-employed,29625.38,64,Tenant
C000763,1964,North,Retired,16648.48,196,Tenant
C000764,1989,North,Salaried,52427.11,76,Mortgage
C000765,1988,West,Salaried,32103.41,135,Owner
C000766,1963,South,Salaried,31180.73,100,Mortgage
C000767,1957,North,Salaried,49343.33,109,Mortgage
C000768,1985,South,Self-employed,37540.27,150,Mortgage
C000769,1982,West,Contract,25692.5,193,Owner
C000770,1999,North,Salaried,58733.99,211,Mortgage
C000771,2004,East,Salaried,70092.58,48,Owner
C000772,1948,North,Salaried,32222.96,140,Tenant
C000773,1982,West,Contract,29121.22,158,Owner
C000774,1961,South,Contract,16000,165,Tenant
C000775,1998,West,Salaried,25955.84,104,Mortgage
C000776,1973,North,Retired,42067.25,229,Owner
C000777,1973,South,Salaried,44975.95,204,Mortgage
C000778,1978,West,Retired,92605.96,181,Owner
C000779,1992,Central,Salaried,39715.44,8,Owner
C000780,1972,South,Contract,73208.83,184,Tenant
C000781,1982,West,Self-employed,47036.49,171,Tenant
C000782,1978,North,Retired,19805.43,145,Mortgage
C000783,1987,North,Self-employed,65774.04,55,Tenant
C000784,2004,Central,Salaried,28712.75,6,Mortgage
C000785,1995,West,Salaried,69524.06,11,Tenant
C000786,2004,North,Retired,102177.63,19,Mortgage
C000787,1982,South,Retired,26124.23,99,Mortgage
C000788,1980,West,Salaried,71388.83,94,Tenant
C000789,1981,North,Salaried,60377.31,72,Owner
C000790,1979,West,Salaried,39493.94,167,Mortgage
C000791,1975,West,Salaried,66202.05,193,Mortgage
C000792,1989,Central,Contract,71878.65,108,Mortgage
C000793,1979,West,Self-employed,73807.83,207,Other
C000794,1988,North,Salaried,39159.33,68,Owner
C000795,1986,South,Salaried,30210.99,240,Owner
C000796,1984,North,Retired,83322.85,131,Tenant
C000797,1993,North,Salaried,42567.15,83,Mortgage
C000798,2004,Central,Salaried,86824.02,125,Tenant
C000799,1981,North,Retired,24037.36,173,Other
C000800,1983,East,Self-employed,75455.53,91,Tenant
C000801,1980,Central,Salaried,57908.54,117,Owner
C000802,1986,Central,Retired,39784.96,144,Owner
C000803,1997,North,Salaried,48377.21,43,Tenant
C000804,1982,South,Retired,48046.56,43,Mortgage
C000805,1988,North,Self-employed,35064.81,197,Owner
C000806,1990,Central,Salaried,33411.26,68,Tenant
C000807,1981,South,Salaried,55767.58,52,Tenant
C000808,1965,South,Salaried,29360.37,10,Tenant
C000809,1979,East,Salaried,39792.69,93,Mortgage
C000810,1974,South,Salaried,74836.63,59,Tenant
C000811,1975,East,Salaried,24141.65,201,Owner
C000812,1972,South,Salaried,49706.21,198,Owner
C000813,1980,South,Self-employed,61904.8,199,Mortgage
C000814,1966,West,Salaried,44874.06,113,Mortgage
C000815,1966,South,Contract,50739.94,151,Mortgage
C000816,1984,South,Self-employed,41717.25,126,Tenant
C000817,1978,Central,Salaried,46448.86,46,Owner
C000818,1978,East,Salaried,30600.53,142,Tenant
C000819,2004,West,Retired,39323.58,118,Mortgage
C000820,1984,Central,Self-employed,34500.67,209,Mortgage
C000821,1992,South,Self-employed,113245.34,121,Tenant
C000822,1985,Central,Salaried,32728.23,46,Mortgage
C000823,1970,South,Retired,16000,223,Owner
C000824,1978,South,Self-employed,96404.36,45,Mortgage
C000825,1982,West,Self-employed,87754.44,22,Mortgage
C000826,1991,Central,Self-employed,59953.29,221,Tenant
C000827,1964,North,Salaried,95806.69,210,Owner
C000828,1973,North,Self-employed,58397.05,161,Owner
C000829,1990,West,Retired,21560.83,128,Mortgage
C000830,1993,East,Salaried,27559.54,154,Mortgage
C000831,1977,East,Self-employed,45112.79,78,Other
C000832,1981,Central,Salaried,35470.8,126,Mortgage
C000833,1972,North,Retired,21967.2,65,Owner
C000834,1990,West,Salaried,56805.82,207,Owner
C000835,1974,South,Salaried,52828.08,225,Tenant
C000836,1987,North,Salaried,32826.86,122,Tenant
C000837,1971,East,Salaried,40082.06,57,Tenant
C000838,1975,Central,Salaried,214345.4,156,Mortgage
C000839,1971,North,Contract,50665.34,44,Mortgage
C000840,1958,North,Salaried,61818.28,203,Owner
C000841,1994,East,Retired,22566.12,91,Owner
C000842,1989,South,Salaried,86046.94,91,Tenant
C000843,1983,East,Retired,76735.57,231,Other
C000844,1984,West,Salaried,108810.97,105,Owner
C000845,1965,East,Self-employed,38756.39,96,Tenant
C000846,1994,North,Salaried,23644.74,228,Mortgage
C000847,1985,Central,Salaried,72097.46,118,Owner
C000848,1979,Central,Salaried,16440.19,135,Tenant
C000849,1997,North,Salaried,40031.2,211,Mortgage
C000850,1963,Central,Self-employed,24405.6,10,Other
C000851,2004,West,Salaried,49234.8,21,Mortgage
C000852,1981,Central,Retired,30251.52,177,Owner
C000853,1972,Central,Retired,24874.04,14,Tenant
C000854,1985,East,Self-employed,37337.68,22,Owner
C000855,1989,Central,Salaried,58123.94,38,Mortgage
C000856,1998,Central,Salaried,85416.4,42,Owner
C000857,1976,Central,Salaried,35630.14,177,Mortgage
C000858,1947,West,Salaried,41369.67,210,Mortgage
C000859,1990,East,Salaried,61295.69,94,Owner
C000860,1965,East,Salaried,33247.88,92,Mortgage
C000861,1996,West,Self-employed,38512.26,145,Owner
C000862,1981,Central,Salaried,71042.4,136,Owner
C000863,1970,South,Salaried,84451.94,141,Owner
C000864,1983,North,Salaried,95212.4,108,Mortgage
C000865,1998,North,Salaried,29857.26,216,Owner
C000866,1969,West,Salaried,28907.95,58,Mortgage
C000867,1986,West,Self-employed,46641.07,122,Owner
C000868,1983,West,Contract,22558.84,227,Tenant
C000869,1956,Central,Salaried,52498.16,116,Mortgage
C000870,1992,Central,Salaried,31186.85,27,Owner
C000871,1976,East,Salaried,76775.81,228,Tenant
C000872,1972,West,Contract,40487.37,237,Mortgage
C000873,1998,Central,Salaried,37016.11,196,Tenant
C000874,1970,Central,Self-employed,72169.53,69,Mortgage
C000875,1958,West,Self-employed,27193.79,198,Mortgage
C000876,1976,East,Self-employed,158451.27,53,Tenant
C000877,1991,East,Salaried,40777.61,170,Mortgage
C000878,1967,South,Salaried,20789.33,189,Mortgage
C000879,1971,North,Self-employed,41690.87,76,Owner
C000880,1966,East,Salaried,61918.42,148,Mortgage
C000881,1989,Central,Self-employed,96905.49,66,Mortgage
C000882,1968,East,Contract,24551.69,86,Owner
C000883,1979,Central,Retired,30905.83,11,Mortgage
C000884,1970,Central,Salaried,54154.63,192,Owner
C000885,1975,South,Salaried,55877.6,210,Tenant
C000886,1976,West,Salaried,60281.92,193,Owner
C000887,1960,South,Salaried,36005.72,127,Owner
C000888,1984,Central,Retired,32669.94,168,Owner
C000889,1987,Central,Salaried,53530.26,151,Mortgage
C000890,1976,Central,Salaried,33073.42,186,Tenant
C000891,2004,East,Self-employed,64912.11,48,Tenant
C000892,2000,South,Salaried,39617.58,99,Owner
C000893,1947,East,Self-employed,81535.54,185,Mortgage
C000894,2001,East,Salaried,41897.45,84,Mortgage
C000895,1985,East,Salaried,39793.35,216,Tenant
C000896,1999,North,Salaried,30417.3,103,Owner
C000897,1998,Central,Contract,20279.53,114,Tenant
C000898,1998,North,Self-employed,86683.07,205,Mortgage
C000899,1978,Central,Salaried,54798.65,131,Owner
C000900,2004,South,Self-employed,61855.68,200,Owner
C000901,2004,Central,Contract,36813.4,67,Mortgage
C000902,1959,North,Self-employed,55793.58,9,Other
C000903,2001,East,Salaried,31551.05,229,Mortgage
C000904,2001,North,Salaried,39493.71,190,Owner
C000905,1992,West,Salaried,135427.1,150,Mortgage
C000906,1969,East,Salaried,58969.16,70,Mortgage
C000907,1996,West,Salaried,74822.89,144,Tenant
C000908,1982,West,Salaried,21072.85,40,Tenant
C000909,1961,West,Retired,45452.08,110,Mortgage
C000910,1991,Central,Salaried,76323.36,174,Mortgage
C000911,1968,North,Salaried,55673.75,108,Mortgage
C000912,1979,North,Salaried,67103.21,30,Tenant
C000913,1983,South,Retired,47951.77,31,Tenant
C000914,1971,South,Contract,32161.24,223,Tenant
C000915,1979,Central,Salaried,41405.17,131,Other
C000916,1995,Central,Salaried,42074.98,27,Mortgage
C000917,1970,South,Contract,31865.09,116,Mortgage
C000918,1994,South,Salaried,50476.91,183,Tenant
C000919,1979,South,Self-employed,44625.12,239,Mortgage
C000920,1979,North,Retired,42945.85,25,Owner
C000921,1988,West,Salaried,100667.22,33,Mortgage
C000922,1986,North,Salaried,56135.0,189,Owner
C000923,1996,Central,Contract,41913.68,21,Mortgage
C000924,1995,South,Salaried,60342.82,111,Mortgage
C000925,1994,West,Salaried,20917.26,215,Mortgage
C000926,1975,South,Self-employed,26649.11,97,Tenant
C000927,1997,East,Contract,20931.35,124,Mortgage
C000928,2001,North,Salaried,16323.59,99,Owner
C000929,1993,North,Salaried,27464.96,106,Owner
C000930,1966,West,Salaried,46384.04,96,Other
C000931,1986,West,Salaried,43435.56,181,Mortgage
C000932,1978,North,Salaried,55080.14,100,Mortgage
C000933,1978,North,Salaried,77228.25,38,Other
C000934,1968,South,Salaried,64549.99,231,Owner
C000935,1951,South,Salaried,33206.36,42,Mortgage
C000936,1970,Central,Salaried,45629.47,54,Other
C000937,1970,Central,Salaried,64510.62,8,Mortgage
C000938,1961,South,Salaried,29246.94,46,Mortgage
C000939,1996,East,Salaried,49595.21,166,Mortgage
C000940,2002,West,Self-employed,28199.37,188,Owner
C000941,1981,East,Salaried,35214.83,170,Tenant
C000942,1981,West,Salaried,67403.36,45,Other
C000943,1983,North,Salaried,46971.66,15,Owner
C000944,1992,East,Salaried,28486.49,46,Tenant
C000945,2004,West,Salaried,57667.58,203,Mortgage
C000946,1970,North,Retired,109904.4,166,Owner
C000947,1996,East,Salaried,40749.09,79,Tenant
C000948,1972,South,Salaried,28084.24,173,Owner
C000949,1982,North,Contract,69351.83,66,Mortgage
C000950,1984,North,Salaried,42001.22,9,Mortgage
C000951,1970,East,Retired,19516.48,6,Other
C000952,1973,North,Self-employed,112130.48,100,Mortgage
C000953,1985,South,Salaried,16156.18,125,Other
C000954,1975,East,Contract,24443.49,180,Owner
C000955,2002,North,Salaried,56095.65,113,Tenant
C000956,1968,South,Contract,68855.83,220,Tenant
C000957,1977,West,Salaried,87325.71,198,Owner
C000958,1965,North,Salaried,32953.96,214,Owner
C000959,1978,South,Self-employed,26720.5,83,Mortgage
C000960,1968,East,Salaried,26971.48,31,Mortgage
C000961,1978,South,Salaried,16000,92,Owner
C000962,1981,West,Salaried,86211.91,105,Tenant
C000963,1977,West,Salaried,29044.39,220,Owner
C000964,1987,Central,Self-employed,33122.06,155,Tenant
C000965,1983,West,Salaried,103995.5,11,Tenant
C000966,1982,South,Self-employed,121358.62,230,Owner
C000967,1973,North,Salaried,25508.46,16,Owner
C000968,1994,East,Salaried,63693.69,31,Owner
C000969,2001,East,Salaried,68838.9,166,Mortgage
C000970,2003,Central,Retired,26252.37,233,Mortgage
C000971,1961,West,Salaried,40016.71,16,Mortgage
C000972,1981,Central,Salaried,48402.32,182,Mortgage
C000973,1978,West,Salaried,30615.37,75,Tenant
C000974,1976,East,Contract,26250.57,177,Tenant
C000975,1980,Central,Salaried,58522.05,154,Mortgage
C000976,1986,West,Salaried,54439.16,151,Mortgage
C000977,1992,Central,Salaried,49603.53,146,Mortgage
C000978,1991,South,Salaried,45048.72,211,Other
C000979,1977,North,Self-employed,46831.0,165,Tenant
C000980,1973,North,Self-employed,84092.19,217,Mortgage
C000981,1984,East,Self-employed,33669.23,234,Owner
C000982,1988,North,Salaried,52797.74,188,Mortgage
C000983,1974,Central,Salaried,60419.19,93,Mortgage
C000984,1974,West,Salaried,69443.3,59,Owner
C000985,1978,West,Salaried,65050.94,11,Mortgage
C000986,1991,Central,Retired,21156.4,128,Owner
C000987,1994,West,Salaried,25702.09,46,Owner
C000988,1980,North,Retired,23955.71,19,Mortgage
C000989,2004,East,Salaried,44587.44,205,Mortgage
C000990,2003,North,Salaried,71519.96,40,Owner
C000991,1984,West,Salaried,70373.16,47,Tenant
C000992,1989,West,Salaried,39586.39,197,Mortgage
C000993,2002,West,Salaried,40685.45,61,Mortgage
C000994,1992,East,Self-employed,59036.15,125,Tenant
C000995,1995,South,Salaried,21351.19,238,Mortgage
C000996,1965,South,Salaried,35323.34,55,Mortgage
C000997,1976,East,Salaried,22875.67,91,Tenant
C000998,1982,North,Salaried,27353.19,205,Mortgage
C000999,1999,South,Self-employed,82294.44,62,Owner
C001000,1980,Central,Salaried,62886.76,6,Other
C001001,1961,South,Salaried,54160.09,192,Other
C001002,1973,West,Retired,47341.17,219,Tenant
C001003,1989,East,Salaried,22383.68,191,Other
C001004,1982,North,Retired,43203.93,144,Mortgage
C001005,1985,East,Salaried,82216.2,13,Mortgage
C001006,1983,South,Contract,34099.86,211,Owner
C001007,1961,Central,Salaried,49449.6,6,Mortgage
C001008,1992,South,Contract,60700.55,31,Owner
C001009,1976,East,Salaried,30282.11,218,Mortgage
C001010,1985,North,Salaried,34256.14,127,Tenant
C001011,1965,South,Salaried,63743.45,67,Mortgage
C001012,1986,South,Salaried,59333.03,129,Mortgage
C001013,1990,North,Salaried,45435.54,14,Tenant
C001014,1962,West,Contract,30493.68,240,Tenant
C001015,1986,West,Salaried,34863.54,92,Owner
C001016,1981,Central,Salaried,74695.72,157,Mortgage
C001017,1996,South,Salaried,52641.59,166,Other
C001018,1971,South,Retired,68338.39,234,Tenant
C001019,1985,Central,Salaried,88749.88,211,Tenant
C001020,1974,East,Self-employed,133358.81,142,Tenant
C001021,2002,North,Salaried,34495.37,171,Owner
C001022,1994,West,Salaried,37246.3,98,Owner
C001023,1982,West,Retired,16000,205,Mortgage
C001024,1966,South,Salaried,31414.21,10,Tenant
C001025,1976,Central,Salaried,35781.63,199,Tenant
C001026,2001,East,Retired,47043.89,156,Tenant
C001027,1988,North,Contract,37114.1,16,Owner
C001028,1982,North,Salaried,27928.03,139,Mortgage
C001029,1987,Central,Self-employed,35674.89,81,Owner
C001030,1987,West,Self-employed,16000,110,Owner
C001031,1970,North,Salaried,35122.85,210,Owner
C001032,1977,South,Contract,55779.37,16,Mortgage
C001033,1969,South,Contract,34823.74,53,Tenant
C001034,1960,North,Salaried,56595.28,139,Tenant
C001035,1995,South,Salaried,40235.99,40,Mortgage
C001036,1974,Central,Retired,19606.6,109,Mortgage
C001037,1975,South,Salaried,75862.26,17,Tenant
C001038,1992,North,Salaried,70948.62,191,Tenant
C001039,1984,West,Self-employed,69419.91,175,Owner
C001040,1989,Central,Retired,17195.56,42,Mortgage
C001041,1989,Central,Salaried,44104.04,220,Mortgage
C001042,1978,North,Salaried,30891.95,190,Mortgage
C001043,1969,South,Salaried,42822.87,177,Tenant
C001044,1972,East,Self-employed,85429.31,6,Mortgage
C001045,1995,East,Self-employed,39837.42,150,Mortgage
C001046,1985,West,Self-employed,52467.79,32,Mortgage
C001047,1975,North,Salaried,57282.48,100,Owner
C001048,1995,West,Self-employed,54977.54,200,Owner
C001049,1981,East,Self-employed,96404.94,6,Mortgage
C001050,1996,North,Salaried,19809.44,46,Owner
C001051,1963,South,Salaried,51153.67,199,Tenant
C001052,1987,West,Retired,32004.4,234,Mortgage
C001053,1964,Central,Salaried,56100.87,141,Other
C001054,1988,North,Salaried,71141.16,193,Tenant
C001055,1976,East,Salaried,60715.84,107,Tenant
C001056,1962,East,Salaried,36447.86,232,Owner
C001057,2001,Central,Salaried,58130.71,41,Tenant
C001058,1973,North,Salaried,68222.83,76,Other
C001059,1980,West,Retired,35184.49,197,Other
C001060,1973,North,Salaried,116817.2,214,Owner
C001061,1997,North,Self-employed,32119.84,117,Mortgage
C001062,1994,North,Salaried,59257.72,111,Owner
C001063,1968,North,Salaried,41907.94,59,Owner
C001064,1980,North,Contract,99906.17,211,Owner
C001065,1971,Central,Salaried,53081.97,133,Tenant
C001066,1977,South,Self-employed,44933.2,179,Mortgage
C001067,1987,South,Salaried,32537.43,191,Tenant
C001068,1971,West,Salaried,40351.26,190,Tenant
C001069,1988,East,Contract,32100.8,214,Mortgage
C001070,1975,West,Salaried,66554.73,184,Owner
C001071,1988,North,Salaried,60976.53,30,Tenant
C001072,1998,North,Salaried,46126.85,25,Other
C001073,1972,Central,Salaried,46482.27,8,Tenant
C001074,1991,East,Salaried,81263.52,192,Mortgage
C001075,1999,West,Self-employed,42490.56,79,Owner
C001076,1978,South,Salaried,32909.97,76,Mortgage
C001077,1972,East,Self-employed,100833.45,107,Mortgage
C001078,1987,Central,Retired,52582.7,201,Owner
C001079,1967,Central,Salaried,33463.4,136,Mortgage
C001080,1995,South,Self-employed,56956.89,197,Other
C001081,1980,North,Contract,52972.63,171,Mortgage
C001082,1957,South,Salaried,36577.49,52,Tenant
C001083,1964,West,Salaried,55640.39,212,Mortgage
C001084,1961,Central,Salaried,81591.96,81,Owner
C001085,1974,Central,Salaried,49960.77,50,Tenant
C001086,1947,North,Self-employed,73113.96,165,Tenant
C001087,1971,South,Salaried,38689.75,177,Tenant
C001088,1978,North,Salaried,37379.26,211,Tenant
C001089,1985,South,Salaried,19785.99,24,Tenant
C001090,1971,North,Self-employed,71014.85,156,Tenant
C001091,1967,South,Salaried,93033.02,232,Mortgage
C001092,2004,North,Retired,57353.79,194,Mortgage
C001093,1989,South,Retired,36316.56,235,Mortgage
C001094,1956,East,Salaried,28840.05,94,Owner
C001095,2004,East,Salaried,42200.33,202,Tenant
C001096,1966,Central,Contract,24474.28,57,Mortgage
C001097,1993,West,Retired,24333.32,39,Mortgage
C001098,1992,West,Salaried,91586.15,49,Tenant
C001099,1990,North,Contract,24331.46,126,Mortgage
C001100,1970,North,Salaried,96381.7,55,Owner
C001101,1970,Central,Self-employed,40744.45,68,Tenant
C001102,1972,West,Self-employed,86270.26,36,Mortgage
C001103,2000,South,Salaried,66792.72,46,Owner
C001104,1993,West,Salaried,44330.99,139,Tenant
C001105,1985,South,Salaried,62315.98,145,Tenant
C001106,1975,Central,Retired,27082.89,171,Owner
C001107,1986,Central,Salaried,42714.88,183,Tenant
C001108,1963,South,Salaried,44692.1,25,Other
C001109,1981,North,Salaried,146990.05,219,Owner
C001110,1977,North,Salaried,42090.53,74,Tenant
C001111,2004,Central,Self-employed,39073.74,74,Owner
C001112,1999,East,Salaried,62571.8,74,Tenant
C001113,2001,South,Contract,16000,161,Tenant
C001114,1990,Central,Salaried,93361.54,89,Owner
C001115,2004,East,Salaried,24267.62,153,Owner
C001116,2004,North,Salaried,68891.56,99,Owner
C001117,1967,Central,Salaried,18366.53,140,Owner
C001118,1993,East,Self-employed,23748.05,37,Tenant
C001119,1993,East,Self-employed,27125.04,202,Mortgage
C001120,1998,East,Retired,30770.31,208,Tenant
C001121,1970,East,Contract,58210.37,99,Tenant
C001122,1970,South,Salaried,42657.07,171,Tenant
C001123,1986,South,Contract,24130.3,129,Owner
C001124,1980,East,Salaried,16368.08,189,Mortgage
C001125,1975,South,Salaried,37355.03,59,Other
C001126,1961,West,Retired,44280.72,166,Mortgage
C001127,1982,North,Salaried,63941.1,122,Owner
C001128,1991,East,Contract,40448.74,14,Mortgage
C001129,1973,East,Salaried,94158.4,52,Tenant
C001130,1979,Central,Self-employed,29883.91,13,Mortgage
C001131,1973,West,Self-employed,124644.86,66,Mortgage
C001132,1968,North,Contract,39646.02,191,Tenant
C001133,1988,Central,Salaried,104701.47,204,Mortgage
C001134,1975,West,Salaried,64311.36,215,Mortgage
C001135,1963,North,Self-employed,33851.32,232,Owner
C001136,1985,West,Salaried,47379.35,190,Tenant
C001137,1988,Central,Salaried,60566.83,171,Owner
C001138,1964,North,Salaried,91991.3,192,Other
C001139,1959,Central,Salaried,84121.95,27,Owner
C001140,1967,East,Salaried,35737.64,125,Tenant
C001141,1978,North,Salaried,41874.96,93,Tenant
C001142,1974,Central,Salaried,35211.93,213,Mortgage
C001143,1978,North,Salaried,38994.76,158,Mortgage
C001144,1972,West,Salaried,80819.01,158,Mortgage
C001145,1979,South,Salaried,44505.57,201,Tenant
C001146,1963,Central,Salaried,19545.26,11,Mortgage
C001147,1998,Central,Salaried,152488.63,133,Mortgage
C001148,1971,South,Self-employed,38901.73,221,Owner
C001149,1976,Central,Salaried,43805.86,137,Owner
C001150,1962,East,Salaried,43943.93,16,Mortgage
C001151,2000,South,Salaried,44804.78,124,Tenant
C001152,1992,North,Contract,76592.22,56,Owner
C001153,2001,Central,Salaried,41916.39,57,Mortgage
C001154,1993,North,Retired,56414.23,67,Tenant
C001155,1990,West,Salaried,42646.92,209,Owner
C001156,2004,East,Salaried,60624.04,216,Tenant
C001157,2004,Central,Salaried,46791.47,239,Mortgage
C001158,1970,East,Salaried,58237.94,80,Owner
C001159,2004,West,Contract,36811.58,117,Owner
C001160,1994,Central,Salaried,44476.81,175,Owner
C001161,1959,West,Retired,19272.89,167,Tenant
C001162,1964,East,Contract,51525.65,158,Mortgage
C001163,1978,West,Salaried,79266.05,13,Tenant
C001164,1988,Central,Salaried,33695.68,152,Other
C001165,1979,South,Retired,23932.92,201,Tenant
C001166,1999,North,Salaried,82519.55,191,Tenant
C001167,1979,East,Salaried,36452.77,132,Tenant
C001168,1984,Central,Self-employed,53436.55,154,Tenant
C001169,1962,South,Salaried,53574.92,145,Owner
C001170,1994,Central,Salaried,48990.8,110,Mortgage
C001171,1979,North,Salaried,87443.53,11,Mortgage
C001172,1994,East,Salaried,96945.03,214,Owner
C001173,1967,East,Salaried,33414.41,108,Mortgage
C001174,1991,North,Salaried,40035.28,151,Mortgage
C001175,2003,Central,Salaried,52753.59,6,Tenant
C001176,1978,East,Salaried,153515.83,212,Tenant
C001177,1949,South,Salaried,47012.82,156,Owner
C001178,1973,South,Self-employed,57980.46,184,Tenant
C001179,1979,East,Salaried,63087.91,69,Mortgage
C001180,1976,North,Salaried,23496.5,141,Other
C001181,1984,South,Self-employed,104338.54,117,Owner
C001182,1961,West,Salaried,63088.13,84,Tenant
C001183,1984,West,Self-employed,36200.71,203,Mortgage
C001184,1990,North,Salaried,74554.68,81,Owner
C001185,2004,West,Salaried,39744.87,21,Owner
C001186,1968,Central,Salaried,21145.66,235,Owner
C001187,1970,South,Retired,33656.11,94,Tenant
C001188,1989,West,Salaried,62867.08,183,Tenant
C001189,1990,South,Contract,34916.53,43,Tenant
C001190,1971,Central,Salaried,52640.83,193,Tenant
C001191,1970,North,Salaried,29474.33,228,Tenant
C001192,1975,South,Salaried,65640.17,208,Other
C001193,1985,Central,Retired,27486.49,185,Tenant
C001194,1991,Central,Salaried,70181.98,98,Owner
C001195,2002,East,Salaried,19607.1,9,Tenant
C001196,1960,South,Self-employed,26262.33,143,Tenant
C001197,1979,East,Salaried,54507.01,76,Tenant
C001198,1996,South,Retired,24318.75,121,Owner
C001199,1994,Central,Contract,48673.59,151,Owner
C001200,1990,North,Salaried,35595.14,22,Tenant
C001201,1974,East,Salaried,63671.82,104,Owner
C001202,1986,Central,Salaried,72229.0,156,Mortgage
C001203,2004,East,Retired,37543.04,219,Tenant
C001204,1972,Central,Contract,29172.59,90,Owner
C001205,1986,North,Salaried,185737.24,221,Tenant
C001206,1978,West,Retired,51218.48,100,Tenant
C001207,1978,East,Salaried,49438.67,206,Owner
C001208,1977,South,Salaried,59388.68,157,Mortgage
C001209,2002,West,Salaried,50588.16,153,Mortgage
C001210,1987,Central,Contract,89729.61,36,Mortgage
C001211,1964,South,Salaried,67448.39,161,Tenant
C001212,2004,North,Salaried,44781.93,147,Mortgage
C001213,1975,South,Self-employed,26874.57,186,Tenant
C001214,1990,East,Salaried,77925.22,89,Tenant
C001215,1982,Central,Salaried,32319.49,24,Mortgage
C001216,1965,Central,Salaried,54673.34,33,Other
C001217,1973,North,Salaried,77408.55,124,Owner
C001218,1966,South,Salaried,24052.41,81,Owner
C001219,1990,North,Salaried,34303.86,220,Tenant
C001220,1989,West,Retired,39572.45,62,Tenant
C001221,1948,South,Self-employed,42993.91,44,Mortgage
C001222,1989,East,Salaried,21170.35,55,Mortgage
C001223,1996,East,Retired,29982.67,119,Tenant
C001224,1985,West,Salaried,56054.22,85,Tenant
C001225,1973,South,Self-employed,41169.92,215,Tenant
C001226,1967,Central,Retired,38389.56,8,Owner
C001227,1973,North,Self-employed,60842.74,78,Owner
C001228,1970,Central,Salaried,29640.92,176,Tenant
C001229,1981,West,Self-employed,84089.79,22,Owner
C001230,1997,South,Self-employed,109157.64,198,Owner
C001231,1976,East,Salaried,52868.58,239,Tenant
C001232,1970,North,Salaried,55342.26,223,Mortgage
C001233,1972,South,Salaried,45900.61,61,Owner
C001234,1994,West,Salaried,33973.99,175,Other
C001235,1975,North,Retired,56028.97,201,Other
C001236,1987,West,Retired,19998.15,7,Mortgage
C001237,2004,East,Salaried,92871.26,114,Mortgage
C001238,1985,South,Retired,43350.33,124,Tenant
C001239,2002,East,Salaried,20471.71,175,Owner
C001240,1978,West,Retired,57247.4,134,Mortgage
C001241,1974,East,Retired,36171.32,187,Owner
C001242,1961,East,Salaried,49311.83,236,Owner
C001243,1990,North,Self-employed,69757.28,220,Other
C001244,1965,West,Self-employed,116970.51,194,Mortgage
C001245,2001,North,Self-employed,49363.27,204,Tenant
C001246,1983,South,Contract,119514.7,155,Owner
C001247,1971,South,Salaried,121658.78,161,Owner
C001248,1964,North,Self-employed,45111.82,20,Mortgage
C001249,1967,West,Retired,28803.76,45,Owner
C001250,1975,East,Salaried,61357.45,56,Tenant
C001251,1982,North,Salaried,55959.31,40,Mortgage
C001252,1977,East,Contract,40326.99,137,Tenant
C001253,1974,South,Salaried,34481.74,57,Mortgage
C001254,1955,South,Salaried,22291.36,66,Owner
C001255,1984,West,Salaried,83245.44,100,Tenant
C001256,1964,Central,Salaried,68611.07,190,Tenant
C001257,1979,North,Salaried,107512.85,59,Tenant
C001258,1961,Central,Self-employed,27889.9,136,Owner
C001259,1972,Central,Contract,41782.14,67,Owner
C001260,1994,North,Salaried,30897.29,204,Mortgage
C001261,1976,Central,Salaried,61177.02,216,Mortgage
C001262,1986,Central,Salaried,97460.16,174,Mortgage
C001263,2002,Central,Salaried,46155.65,12,Tenant
C001264,1986,South,Retired,31593.13,55,Mortgage
C001265,1989,West,Self-employed,117357.9,17,Owner
C001266,1985,South,Salaried,65232.52,152,Tenant
C001267,1999,South,Self-employed,74569.82,45,Mortgage
C001268,1987,South,Salaried,56770.16,163,Mortgage
C001269,1995,East,Self-employed,42915.09,6,Mortgage
C001270,1983,South,Salaried,40686.11,14,Mortgage
C001271,1981,North,Retired,29449.93,171,Tenant
C001272,1963,Central,Salaried,95567.67,201,Owner
C001273,1976,Central,Self-employed,34505.84,188,Mortgage
C001274,1969,Central,Salaried,55848.23,51,Tenant
C001275,1997,Central,Contract,30856.43,168,Tenant
C001276,1981,South,Salaried,26265.56,130,Tenant
C001277,1981,South,Salaried,21764.03,152,Tenant
C001278,1973,Central,Self-employed,29454.67,174,Owner
C001279,1993,West,Self-employed,61168.94,153,Tenant
C001280,1991,North,Salaried,28861.6,9,Owner
C001281,1957,East,Salaried,22753.4,151,Tenant
C001282,2004,West,Salaried,45773.79,39,Mortgage
C001283,1975,South,Salaried,49481.71,169,Tenant
C001284,1977,North,Salaried,87511.59,17,Owner
C001285,1965,South,Retired,25437.2,7,Tenant
C001286,1986,East,Salaried,58513.47,85,Tenant
C001287,1992,East,Self-employed,26802.53,15,Mortgage
C001288,1979,South,Salaried,50330.05,18,Tenant
C001289,1990,Central,Salaried,29434.0,224,Mortgage
C001290,1995,South,Self-employed,57110.37,90,Tenant
C001291,1986,East,Self-employed,147159.37,160,Mortgage
C001292,1992,West,Salaried,44170.8,174,Tenant
C001293,1996,Central,Salaried,87757.39,170,Tenant
C001294,1976,East,Salaried,49526.18,17,Mortgage
C001295,1973,West,Self-employed,44964.71,15,Owner
C001296,1973,North,Contract,18544.46,194,Tenant
C001297,1973,South,Salaried,40755.4,92,Mortgage
C001298,1968,South,Retired,76779.53,82,Owner
C001299,1993,Central,Contract,39465.27,195,Owner
C001300,1977,West,Salaried,31597.76,211,Tenant
C001301,1976,Central,Retired,54802.62,103,Tenant
C001302,1978,South,Salaried,16411.01,52,Mortgage
C001303,1979,North,Salaried,26264.49,8,Owner
C001304,1996,North,Self-employed,63087.05,225,Mortgage
C001305,1977,North,Salaried,58870.74,237,Owner
C001306,2003,East,Salaried,27895.16,210,Mortgage
C001307,1967,Central,Self-employed,41732.68,175,Tenant
C001308,1987,West,Self-employed,62278.83,159,Tenant
C001309,1969,North,Salaried,78539.35,135,Tenant
C001310,1973,South,Salaried,59123.16,135,Tenant
C001311,1990,West,Salaried,43373.68,112,Tenant
C001312,1978,East,Retired,31419.85,164,Mortgage
C001313,1997,South,Self-employed,49594.96,71,Owner
C001314,1968,South,Salaried,32055.0,231,Tenant
C001315,2004,East,Salaried,36620.53,159,Mortgage
C001316,1961,North,Salaried,46863.62,180,Mortgage
C001317,1990,East,Self-employed,69015.96,87,Tenant
C001318,1973,West,Retired,28701.96,152,Tenant
C001319,1993,East,Retired,58031.07,65,Mortgage
C001320,1985,South,Retired,55145.6,137,Owner
C001321,2004,Central,Salaried,56912.47,63,Tenant
C001322,1950,West,Salaried,40237.23,143,Owner
C001323,1980,East,Retired,16000,105,Mortgage
C001324,1975,Central,Contract,72705.15,139,Mortgage
C001325,1973,North,Salaried,25836.96,174,Owner
C001326,1995,West,Salaried,32392.12,142,Owner
C001327,1978,West,Self-employed,27955.85,156,Mortgage
C001328,1967,North,Salaried,48406.28,182,Tenant
C001329,1985,Central,Salaried,35381.02,75,Owner
C001330,1973,West,Salaried,29361.92,202,Mortgage
C001331,1960,South,Salaried,43445.35,208,Tenant
C001332,1957,North,Salaried,115681.06,122,Owner
C001333,1955,West,Salaried,56831.33,63,Mortgage
C001334,1988,East,Self-employed,99444.9,167,Tenant
C001335,2002,Central,Retired,26343.38,35,Mortgage
C001336,2003,Central,Salaried,29090.36,216,Tenant
C001337,2000,North,Salaried,79362.79,120,Owner
C001338,1983,East,Self-employed,46855.13,157,Other
C001339,1981,West,Salaried,41712.79,223,Mortgage
C001340,1982,East,Retired,44491.79,167,Mortgage
C001341,1973,West,Salaried,35420.05,212,Mortgage
C001342,1969,North,Salaried,25323.44,145,Owner
C001343,2002,North,Salaried,93279.29,129,Mortgage
C001344,1964,South,Salaried,49910.27,9,Owner
C001345,1975,North,Salaried,81067.46,97,Mortgage
C001346,1989,North,Contract,134257.84,200,Mortgage
C001347,1992,Central,Salaried,27837.7,83,Other
C001348,1965,West,Salaried,78898.6,38,Owner
C001349,1998,West,Salaried,52819.13,118,Tenant
C001350,1966,South,Salaried,31488.38,131,Tenant
C001351,1989,West,Retired,25604.62,168,Other
C001352,1974,South,Self-employed,61453.75,52,Mortgage
C001353,1985,Central,Salaried,37447.0,18,Mortgage
C001354,1972,Central,Salaried,40593.43,193,Tenant
C001355,1991,East,Retired,35051.75,142,Owner
C001356,1980,Central,Salaried,48424.68,213,Tenant
C001357,1985,North,Salaried,73333.22,119,Tenant
C001358,1968,West,Salaried,22435.51,54,Mortgage
C001359,1986,South,Retired,35225.76,156,Mortgage
C001360,1979,North,Retired,16000,18,Mortgage
C001361,1979,East,Salaried,18931.42,237,Mortgage
C001362,1982,North,Salaried,93122.03,239,Tenant
C001363,1947,North,Salaried,61931.02,42,Owner
C001364,1998,North,Self-employed,55780.65,161,Tenant
C001365,1994,Central,Contract,115387.83,139,Other
C001366,1966,East,Salaried,41534.81,131,Tenant
C001367,1968,North,Retired,53365.5,32,Mortgage
C001368,1974,Central,Contract,41251.13,86,Tenant
C001369,1995,West,Salaried,68534.73,37,Owner
C001370,1986,West,Salaried,30215.92,16,Mortgage
C001371,1993,South,Salaried,30661.61,237,Mortgage
C001372,1976,North,Salaried,63071.85,67,Tenant
C001373,1995,North,Contract,16000,91,Tenant
C001374,1977,North,Salaried,35354.56,136,Tenant
C001375,1988,North,Self-employed,44760.69,212,Owner
C001376,1984,Central,Salaried,28124.23,37,Owner
C001377,2004,East,Salaried,28568.03,32,Owner
C001378,1999,Central,Salaried,38668.31,113,Mortgage
C001379,1973,West,Self-employed,29628.41,122,Tenant
C001380,1971,Central,Salaried,68562.56,37,Mortgage
C001381,1981,North,Self-employed,41071.95,132,Owner
C001382,1982,South,Self-employed,36412.58,65,Tenant
C001383,1987,North,Salaried,33089.46,73,Owner
C001384,1992,South,Salaried,57793.14,11,Owner
C001385,1978,East,Salaried,30292.18,163,Mortgage
C001386,1965,North,Salaried,41317.48,101,Owner
C001387,1992,North,Salaried,110714.0,218,Mortgage
C001388,1977,Central,Salaried,49611.52,205,Owner
C001389,1979,East,Salaried,23744.85,160,Mortgage
C001390,2004,West,Salaried,30638.76,49,Owner
C001391,1981,North,Salaried,111955.55,216,Owner
C001392,1982,South,Salaried,46098.89,43,Tenant
C001393,1997,North,Salaried,20919.41,156,Owner
C001394,1989,Central,Salaried,23099.17,102,Mortgage
C001395,1999,Central,Salaried,87208.08,190,Mortgage
C001396,2004,South,Salaried,41728.93,143,Mortgage
C001397,1980,North,Retired,21154.28,103,Other
C001398,1972,East,Salaried,27589.24,17,Owner
C001399,1966,South,Retired,60561.92,117,Mortgage
C001400,1984,North,Self-employed,17879.57,9,Mortgage
C001401,1961,East,Salaried,114598.34,162,Owner
C001402,1966,Central,Salaried,72776.69,41,Tenant
C001403,1976,North,Contract,42355.8,209,Tenant
C001404,1988,North,Retired,35128.9,158,Tenant
C001405,1979,South,Retired,21379.75,134,Owner
C001406,1973,East,Self-employed,32526.18,120,Mortgage
C001407,1980,East,Salaried,106859.86,41,Tenant
C001408,1994,South,Salaried,48763.11,40,Mortgage
C001409,2004,Central,Salaried,44786.09,149,Other
C001410,1965,North,Contract,60782.75,176,Tenant
C001411,1988,North,Salaried,33920.8,28,Tenant
C001412,1980,East,Salaried,54834.42,115,Mortgage
C001413,1948,Central,Contract,27802.68,113,Other
C001414,1971,North,Self-employed,56520.72,66,Mortgage
C001415,1982,South,Retired,38446.27,113,Tenant
C001416,1970,West,Salaried,76431.56,127,Mortgage
C001417,1971,East,Salaried,16713.58,83,Other
C001418,1991,Central,Salaried,72322.34,160,Tenant
C001419,2004,West,Contract,45050.33,31,Tenant
C001420,1990,South,Salaried,42836.16,229,Tenant
C001421,1989,Central,Retired,18680.39,85,Owner
C001422,1988,West,Salaried,33025.18,170,Tenant
C001423,1962,Central,Self-employed,28396.88,18,Owner
C001424,1968,North,Salaried,68733.1,197,Owner
C001425,1975,East,Contract,55246.01,31,Mortgage
C001426,1986,North,Retired,80003.08,36,Owner
C001427,1972,Central,Salaried,41791.12,33,Mortgage
C001428,1972,West,Retired,22652.77,104,Owner
C001429,1978,West,Salaried,43237.2,99,Tenant
C001430,1984,Central,Salaried,60765.45,37,Mortgage
C001431,1960,South,Salaried,67215.67,117,Mortgage
C001432,1986,North,Contract,22691.2,128,Tenant
C001433,1961,East,Retired,55215.42,79,Mortgage
C001434,1991,West,Salaried,34057.36,188,Mortgage
C001435,1994,Central,Self-employed,31214.18,231,Tenant
C001436,1998,Central,Salaried,44241.72,41,Mortgage
C001437,1981,South,Salaried,63315.37,45,Mortgage
C001438,1985,West,Salaried,36971.36,125,Owner
C001439,1970,West,Salaried,124088.38,61,Owner
C001440,2004,West,Retired,27482.56,177,Owner
C001441,1970,East,Salaried,151536.29,82,Other
C001442,1995,Central,Retired,38691.18,127,Mortgage
C001443,1987,North,Self-employed,97978.96,73,Mortgage
C001444,1960,Central,Salaried,37743.79,160,Tenant
C001445,2001,South,Salaried,75725.71,121,Owner
C001446,2004,South,Salaried,76423.73,222,Owner
C001447,1991,West,Salaried,58688.18,46,Mortgage
C001448,1971,North,Salaried,33140.51,236,Owner
C001449,1973,East,Salaried,56310.45,232,Tenant
C001450,1982,South,Salaried,31385.28,153,Owner
C001451,1973,North,Salaried,56254.83,231,Mortgage
C001452,1982,West,Salaried,59182.48,52,Mortgage
C001453,1996,East,Salaried,50681.41,107,Tenant
C001454,1974,South,Salaried,29458.92,121,Tenant
C001455,1978,West,Self-employed,60262.61,237,Mortgage
C001456,1988,Central,Contract,41029.93,68,Mortgage
C001457,1986,West,Salaried,68754.85,235,Owner
C001458,1973,Central,Salaried,84145.18,81,Tenant
C001459,1979,North,Salaried,28820.43,218,Other
C001460,2004,East,Salaried,33469.62,40,Other
C001461,1987,Central,Salaried,36534.43,170,Owner
C001462,1976,South,Salaried,29465.39,190,Mortgage
C001463,1966,East,Contract,30420.12,202,Owner
C001464,1995,South,Retired,27601.84,90,Mortgage
C001465,1965,East,Salaried,30854.67,240,Mortgage
C001466,1960,South,Self-employed,39794.18,215,Owner
C001467,1990,South,Salaried,86369.99,49,Mortgage
C001468,1980,West,Salaried,43917.67,97,Tenant
C001469,2003,South,Salaried,36527.37,38,Tenant
C001470,1971,East,Self-employed,39709.11,50,Owner
C001471,1984,North,Self-employed,88740.05,200,Owner
C001472,2004,North,Salaried,61071.66,110,Mortgage
C001473,1978,South,Contract,33034.07,25,Owner
C001474,1968,Central,Salaried,34301.83,183,Owner
C001475,1972,North,Salaried,41597.18,152,Mortgage
C001476,2004,Central,Salaried,32436.47,72,Mortgage
C001477,1989,East,Salaried,16000,235,Mortgage
C001478,1978,Central,Salaried,95760.63,215,Mortgage
C001479,1978,South,Salaried,78448.31,52,Owner
C001480,1990,South,Salaried,59917.91,56,Mortgage
C001481,1972,East,Salaried,40667.91,16,Mortgage
C001482,1959,South,Salaried,51202.86,195,Other
C001483,1980,East,Salaried,50436.13,84,Mortgage
C001484,1975,West,Salaried,71723.45,221,Tenant
C001485,1994,Central,Salaried,58523.12,206,Owner
C001486,1999,Central,Salaried,50759.88,48,Mortgage
C001487,1993,East,Salaried,85896.51,92,Tenant
C001488,1971,North,Salaried,31839.54,109,Mortgage
C001489,1982,South,Self-employed,28534.64,26,Mortgage
C001490,1982,East,Salaried,87509.0,83,Tenant
C001491,1960,East,Self-employed,102020.67,41,Tenant
C001492,1998,North,Salaried,35064.0,21,Tenant
C001493,1981,East,Contract,40866.57,88,Other
C001494,1971,South,Self-employed,101919.3,109,Mortgage
C001495,1993,West,Contract,45332.12,183,Owner
C001496,1967,East,Salaried,41392.32,6,Mortgage
C001497,1971,East,Salaried,115539.21,112,Mortgage
C001498,1977,West,Salaried,88071.54,191,Tenant
C001499,1979,Central,Retired,20211.99,225,Owner
C001500,1997,East,Salaried,78109.31,92,Other
C001501,1967,North,Salaried,78204.12,210,Mortgage
C001502,1962,West,Salaried,80272.5,231,Owner
C001503,1991,Central,Salaried,145166.82,61,Mortgage
C001504,1993,West,Salaried,98436.89,69,Mortgage
C001505,1968,South,Salaried,18467.37,62,Tenant
C001506,1993,East,Salaried,46872.46,133,Owner
C001507,1995,East,Salaried,27768.51,165,Other
C001508,1995,South,Salaried,40490.12,48,Other
C001509,1984,South,Contract,86069.81,162,Other
C001510,1960,Central,Contract,39717.95,108,Mortgage
C001511,1977,South,Self-employed,39478.08,161,Tenant
C001512,1969,North,Self-employed,46077.0,174,Tenant
C001513,1979,North,Self-employed,118530.51,58,Mortgage
C001514,1976,West,Salaried,43019.73,176,Tenant
C001515,1978,East,Self-employed,42179.49,161,Other
C001516,1958,South,Salaried,81944.6,39,Tenant
C001517,1980,Central,Salaried,42857.43,45,Tenant
C001518,1974,Central,Self-employed,40643.41,174,Owner
C001519,1985,North,Salaried,46018.52,153,Tenant
C001520,1994,North,Self-employed,57831.43,193,Owner
C001521,1963,North,Salaried,42123.15,63,Mortgage
C001522,1975,South,Salaried,24492.54,129,Tenant
C001523,1961,Central,Contract,40635.47,88,Tenant
C001524,1987,Central,Salaried,50884.8,6,Owner
C001525,1967,North,Salaried,78165.48,211,Mortgage
C001526,1997,East,Contract,48094.41,181,Other
C001527,1977,Central,Salaried,30962.43,103,Mortgage
C001528,1957,East,Salaried,42811.01,73,Tenant
C001529,2004,North,Salaried,54521.97,220,Tenant
C001530,2000,East,Salaried,68909.03,149,Owner
C001531,1984,Central,Salaried,41673.02,43,Owner
C001532,1982,West,Contract,32586.93,227,Mortgage
C001533,1950,East,Salaried,61346.55,192,Owner
C001534,1997,South,Salaried,66475.02,6,Mortgage
C001535,1991,South,Salaried,50279.61,90,Tenant
C001536,1979,West,Retired,29073.26,115,Owner
C001537,2002,South,Salaried,52787.08,182,Owner
C001538,1966,Central,Salaried,47738.63,132,Tenant
C001539,1978,West,Contract,22858.54,90,Owner
C001540,1980,Central,Salaried,36690.34,78,Tenant
C001541,1981,South,Self-employed,28892.36,9,Owner
C001542,1983,South,Salaried,41515.22,22,Mortgage
C001543,1971,North,Self-employed,92460.67,140,Mortgage
C001544,1999,Central,Salaried,36324.69,193,Tenant
C001545,1983,West,Contract,41687.46,200,Tenant
C001546,1990,Central,Contract,59985.58,147,Owner
C001547,1993,Central,Salaried,38528.16,212,Tenant
C001548,1983,North,Salaried,67823.76,150,Other
C001549,1993,Central,Salaried,36337.21,102,Mortgage
C001550,1988,East,Salaried,52654.29,70,Tenant
C001551,2004,North,Salaried,95474.86,161,Owner
C001552,2004,East,Retired,38803.87,117,Mortgage
C001553,1987,West,Salaried,61555.86,53,Tenant
C001554,1964,West,Salaried,44938.22,185,Other
C001555,1992,Central,Salaried,66109.55,40,Tenant
C001556,1965,West,Salaried,26565.45,135,Owner
C001557,1990,South,Salaried,28276.68,130,Tenant
C001558,1955,Central,Self-employed,87587.79,159,Tenant
C001559,1995,Central,Self-employed,79956.33,81,Owner
C001560,1979,West,Salaried,130570.46,239,Owner
C001561,1990,North,Salaried,39362.8,233,Tenant
C001562,1996,West,Salaried,58363.86,172,Mortgage
C001563,1996,South,Salaried,84973.83,125,Tenant
C001564,1974,North,Salaried,68683.85,179,Mortgage
C001565,1984,South,Salaried,42917.29,121,Tenant
C001566,1987,North,Contract,21528.23,50,Owner
C001567,1980,West,Salaried,68382.98,97,Owner
C001568,1980,Central,Salaried,39284.79,7,Owner
C001569,1983,West,Retired,16000,213,Tenant
C001570,1978,South,Salaried,82026.64,161,Tenant
C001571,1975,Central,Salaried,43893.13,216,Tenant
C001572,1982,West,Salaried,55730.41,198,Tenant
C001573,1975,North,Salaried,21924.91,163,Owner
C001574,1980,Central,Contract,29595.33,125,Owner
C001575,1983,Central,Self-employed,47509.85,35,Tenant
C001576,1981,North,Self-employed,62093.93,161,Mortgage
C001577,1977,Central,Salaried,49619.11,115,Owner
C001578,1991,North,Salaried,38048.03,119,Owner
C001579,1965,East,Retired,16161.13,146,Mortgage
C001580,1983,East,Self-employed,32780.48,44,Tenant
C001581,1968,East,Retired,46980.93,177,Tenant
C001582,1981,East,Salaried,55643.52,25,Other
C001583,1981,East,Salaried,41013.51,100,Mortgage
C001584,1983,North,Salaried,46892.88,45,Other
C001585,1977,North,Self-employed,88083.5,230,Tenant
C001586,1962,Central,Self-employed,37993.98,18,Mortgage
C001587,1998,West,Salaried,51813.29,223,Mortgage
C001588,1979,South,Salaried,47134.83,54,Mortgage
C001589,1987,North,Retired,48872.47,222,Tenant
C001590,1970,West,Salaried,61855.51,77,Owner
C001591,1995,East,Salaried,88317.61,89,Mortgage
C001592,1983,North,Salaried,114313.81,231,Owner
C001593,1984,North,Salaried,35124.47,200,Other
C001594,1993,North,Retired,21099.22,133,Mortgage
C001595,1976,East,Salaried,106034.7,32,Mortgage
C001596,1975,South,Self-employed,38407.33,195,Owner
C001597,1954,South,Contract,17534.03,192,Owner
C001598,1957,East,Contract,36378.23,119,Owner
C001599,1975,Central,Salaried,67208.95,186,Mortgage
C001600,1987,Central,Salaried,56583.98,57,Tenant
C001601,1966,East,Salaried,61760.76,37,Mortgage
C001602,1988,Central,Salaried,36421.78,14,Owner
C001603,1983,South,Salaried,69182.27,113,Mortgage
C001604,1993,North,Salaried,61563.14,204,Tenant
C001605,1986,North,Retired,43155.07,61,Owner
C001606,1965,East,Retired,38498.03,118,Mortgage
C001607,1985,West,Salaried,67006.52,59,Tenant
C001608,1979,West,Salaried,49157.8,65,Owner
C001609,2004,East,Salaried,32045.08,140,Mortgage
C001610,1992,East,Salaried,26370.82,30,Mortgage
C001611,1989,East,Salaried,62610.21,89,Owner
C001612,1982,West,Self-employed,64388.99,167,Mortgage
C001613,1995,East,Salaried,58636.62,56,Owner
C001614,1997,Central,Salaried,32130.41,49,Mortgage
C001615,1967,South,Salaried,32859.34,223,Tenant
C001616,1997,West,Contract,16000,30,Other
C001617,1976,East,Salaried,50014.21,35,Tenant
C001618,1990,South,Salaried,38185.44,211,Mortgage
C001619,1968,West,Salaried,34647.27,168,Tenant
C001620,1982,South,Salaried,52360.49,204,Owner
C001621,1965,South,Salaried,42327.92,169,Mortgage
C001622,1955,North,Self-employed,43485.42,230,Mortgage
C001623,1968,East,Salaried,56988.0,92,Tenant
C001624,1995,West,Salaried,25585.08,113,Other
C001625,1981,West,Contract,26059.72,12,Mortgage
C001626,1962,West,Salaried,27299.37,112,Owner
C001627,1982,North,Retired,33173.91,212,Owner
C001628,1984,North,Salaried,75282.15,39,Other
C001629,1976,West,Salaried,93079.46,94,Tenant
C001630,1977,North,Self-employed,70572.58,216,Mortgage
C001631,1976,West,Salaried,34270.84,111,Tenant
C001632,1966,North,Salaried,41814.7,204,Tenant
C001633,1991,West,Salaried,34519.83,219,Mortgage
C001634,1976,North,Salaried,81724.98,24,Tenant
C001635,1975,West,Salaried,28287.45,18,Tenant
C001636,1975,West,Salaried,43112.1,16,Owner
C001637,1987,North,Retired,53425.84,87,Owner
C001638,1995,North,Salaried,108527.42,88,Tenant
C001639,1978,Central,Salaried,17478.56,10,Other
C001640,1977,Central,Salaried,76326.07,184,Owner
C001641,1975,West,Retired,106943.47,79,Owner
C001642,1987,West,Self-employed,30376.8,175,Owner
C001643,1998,North,Contract,17975.04,187,Mortgage
C001644,1973,East,Retired,28189.38,20,Owner
C001645,1980,Central,Salaried,32332.48,53,Mortgage
C001646,1989,Central,Self-employed,46188.68,226,Owner
C001647,1974,Central,Retired,49623.69,211,Tenant
C001648,1990,North,Salaried,109546.42,50,Mortgage
C001649,1979,South,Salaried,34938.31,15,Tenant
C001650,1987,West,Retired,17911.81,119,Tenant
C001651,1987,Central,Salaried,74815.44,159,Tenant
C001652,1968,North,Salaried,16000,91,Tenant
C001653,1981,West,Salaried,64744.07,11,Mortgage
C001654,1975,West,Contract,45184.84,30,Owner
C001655,1979,Central,Contract,18138.22,147,Mortgage
C001656,1963,Central,Self-employed,30036.92,115,Owner
C001657,1993,West,Salaried,35883.0,23,Mortgage
C001658,1977,South,Self-employed,55626.46,123,Tenant
C001659,1991,North,Salaried,37610.11,14,Mortgage
C001660,1987,East,Salaried,97017.8,222,Other
C001661,1973,North,Salaried,44192.74,209,Mortgage
C001662,1980,South,Salaried,54358.45,239,Tenant
C001663,1986,North,Salaried,44163.33,39,Owner
C001664,1969,Central,Salaried,77409.52,215,Mortgage
C001665,1994,West,Salaried,22815.17,18,Owner
C001666,1983,North,Salaried,74155.02,93,Mortgage
C001667,1969,West,Salaried,79423.9,236,Owner
C001668,1988,East,Salaried,57234.56,206,Mortgage
C001669,1993,West,Retired,26668.33,56,Tenant
C001670,1971,West,Salaried,38301.47,23,Owner
C001671,1975,East,Salaried,44729.38,91,Owner
C001672,1970,West,Salaried,74198.14,100,Mortgage
C001673,2004,East,Salaried,66292.78,143,Mortgage
C001674,1962,South,Salaried,41048.01,59,Owner
C001675,1986,Central,Self-employed,23736.56,93,Tenant
C001676,1984,East,Salaried,31541.92,209,Tenant
C001677,1975,West,Retired,31012.17,163,Mortgage
C001678,1988,North,Salaried,19208.0,84,Mortgage
C001679,1983,East,Salaried,40077.76,112,Tenant
C001680,1975,North,Self-employed,54294.72,39,Mortgage
C001681,1981,Central,Salaried,63997.54,224,Tenant
C001682,1995,East,Retired,16000,58,Owner
C001683,1954,West,Retired,42729.53,151,Tenant
C001684,1989,Central,Salaried,42271.04,232,Tenant
C001685,1989,South,Self-employed,51326.67,228,Mortgage
C001686,1967,West,Salaried,48989.03,103,Owner
C001687,1985,Central,Salaried,50211.6,35,Tenant
C001688,1987,East,Salaried,139264.94,207,Tenant
C001689,1974,West,Salaried,59668.94,21,Mortgage
C001690,2000,North,Salaried,112808.46,137,Tenant
C001691,2004,South,Salaried,52489.06,120,Owner
C001692,1969,North,Self-employed,41214.54,185,Owner
C001693,1968,East,Salaried,51445.92,188,Mortgage
C001694,1992,East,Self-employed,76796.86,156,Mortgage
C001695,1990,South,Contract,51492.17,42,Owner
C001696,1978,Central,Salaried,40762.68,204,Owner
C001697,1970,South,Salaried,45206.22,87,Owner
C001698,1993,Central,Retired,28245.67,125,Tenant
C001699,1977,North,Salaried,38040.51,129,Tenant
C001700,1999,North,Salaried,16000,24,Owner
C001701,1983,West,Salaried,23197.43,126,Owner
C001702,1995,East,Salaried,55058.54,95,Tenant
C001703,2004,North,Self-employed,25662.38,163,Tenant
C001704,1994,North,Contract,27206.02,183,Owner
C001705,1998,West,Self-employed,66816.4,35,Owner
C001706,1991,South,Salaried,49889.33,122,Tenant
C001707,1978,North,Retired,35706.08,70,Mortgage
C001708,1995,North,Retired,49872.67,106,Mortgage
C001709,1966,North,Salaried,102251.06,106,Tenant
C001710,1981,Central,Salaried,17312.06,57,Tenant
C001711,1972,North,Retired,23591.62,238,Owner
C001712,1954,South,Salaried,50681.36,216,Mortgage
C001713,2004,West,Salaried,98459.44,64,Owner
C001714,1974,Central,Salaried,42934.25,178,Tenant
C001715,1998,West,Self-employed,34987.61,24,Other
C001716,1994,East,Salaried,50117.91,127,Other
C001717,1964,East,Salaried,45453.44,228,Tenant
C001718,1973,West,Retired,37400.45,169,Owner
C001719,1996,Central,Self-employed,25373.23,49,Owner
C001720,1988,East,Salaried,47967.98,117,Mortgage
C001721,1980,Central,Salaried,141484.27,187,Other
C001722,1947,North,Salaried,44957.64,226,Mortgage
C001723,1983,West,Self-employed,73647.01,204,Owner
C001724,1968,East,Salaried,103919.74,18,Mortgage
C001725,1987,East,Salaried,72899.59,49,Mortgage
C001726,2004,North,Salaried,23423.03,133,Tenant
C001727,1987,Central,Salaried,67496.91,168,Mortgage
C001728,1988,East,Salaried,54226.63,236,Mortgage
C001729,1990,North,Retired,46718.81,103,Tenant
C001730,1964,West,Contract,39124.08,149,Tenant
C001731,1981,South,Salaried,29322.96,82,Mortgage
C001732,1991,East,Contract,59123.32,174,Tenant
C001733,1971,North,Salaried,28745.0,190,Owner
C001734,1968,West,Salaried,44344.08,120,Owner
C001735,1972,South,Salaried,65752.58,13,Owner
C001736,1988,West,Self-employed,75164.05,149,Owner
C001737,1958,West,Salaried,92078.57,164,Tenant
C001738,1967,North,Self-employed,54186.49,123,Tenant
C001739,1980,East,Retired,21912.52,147,Tenant
C001740,1978,North,Self-employed,98739.69,176,Tenant
C001741,1980,East,Self-employed,44099.05,69,Mortgage
C001742,1960,West,Salaried,27488.58,200,Mortgage
C001743,1951,East,Self-employed,47238.85,65,Owner
C001744,1991,East,Contract,32427.89,42,Tenant
C001745,1973,South,Self-employed,34048.25,204,Mortgage
C001746,1997,Central,Contract,53993.12,108,Mortgage
C001747,1986,South,Salaried,36869.62,53,Mortgage
C001748,1977,Central,Salaried,49189.39,101,Owner
C001749,1977,North,Self-employed,56821.56,43,Tenant
C001750,1989,East,Retired,49299.29,181,Mortgage
C001751,2004,West,Salaried,22947.12,119,Owner
C001752,1971,South,Salaried,34422.1,56,Owner
C001753,1980,North,Self-employed,51772.65,85,Tenant
C001754,1997,East,Salaried,132558.95,95,Mortgage
C001755,1991,North,Salaried,29637.5,198,Mortgage
C001756,1973,West,Salaried,53934.52,195,Owner
C001757,1971,East,Self-employed,57329.01,176,Tenant
C001758,1983,North,Salaried,73771.76,96,Owner
C001759,1989,Central,Contract,35626.87,209,Tenant
C001760,1961,North,Salaried,30159.23,73,Tenant
C001761,1963,East,Salaried,40993.92,133,Owner
C001762,1971,South,Self-employed,49955.02,33,Owner
C001763,1974,East,Salaried,35949.26,79,Tenant
C001764,1994,West,Self-employed,84034.69,6,Mortgage
C001765,1996,Central,Self-employed,43342.86,194,Mortgage
C001766,1981,South,Contract,31563.28,149,Tenant
C001767,1960,Central,Salaried,76178.78,35,Tenant
C001768,1980,East,Salaried,28467.01,77,Mortgage
C001769,1988,West,Salaried,88384.46,208,Tenant
C001770,1997,North,Salaried,41975.03,145,Tenant
C001771,1984,West,Salaried,47871.09,181,Tenant
C001772,1984,South,Contract,60927.76,111,Owner
C001773,2002,Central,Self-employed,140557.98,184,Owner
C001774,1986,South,Salaried,63621.08,154,Owner
C001775,1986,West,Salaried,33294.26,237,Other
C001776,1987,South,Salaried,52466.43,219,Mortgage
C001777,1983,Central,Contract,25794.53,215,Tenant
C001778,2004,South,Salaried,41016.74,65,Owner
C001779,1976,Central,Self-employed,47968.88,17,Tenant
C001780,1969,West,Salaried,31190.88,160,Tenant
C001781,1993,Central,Salaried,40749.34,126,Owner
C001782,1991,North,Self-employed,60841.08,223,Other
C001783,1970,South,Salaried,70331.95,86,Mortgage
C001784,1973,North,Salaried,16000,177,Owner
C001785,1983,South,Self-employed,38542.26,76,Owner
C001786,1988,North,Salaried,30820.81,168,Mortgage
C001787,1978,East,Retired,22251.05,50,Owner
C001788,1985,South,Salaried,34066.17,151,Owner
C001789,2004,Central,Salaried,16540.11,81,Owner
C001790,1980,South,Salaried,97516.31,59,Mortgage
C001791,1971,South,Self-employed,72311.19,78,Owner
C001792,1978,Central,Salaried,21820.15,224,Mortgage
C001793,1987,East,Salaried,61627.32,220,Tenant
C001794,1998,East,Salaried,66340.09,76,Other
C001795,1978,North,Contract,33061.58,185,Owner
C001796,1991,North,Retired,35142.75,12,Other
C001797,1982,East,Contract,35571.18,89,Owner
C001798,1976,West,Self-employed,38072.05,100,Mortgage
C001799,1955,West,Contract,62254.35,110,Tenant
C001800,1970,Central,Salaried,42120.47,211,Mortgage
C001801,1983,South,Retired,60439.65,218,Mortgage
C001802,1995,South,Salaried,112362.28,190,Tenant
C001803,1972,East,Salaried,92420.35,200,Mortgage
C001804,1977,West,Salaried,55604.36,102,Tenant
C001805,1984,Central,Salaried,31408.55,236,Owner
C001806,1992,South,Retired,21049.53,143,Mortgage
C001807,1981,South,Salaried,65038.05,75,Tenant
C001808,1955,Central,Salaried,40286.37,228,Owner
C001809,1989,North,Salaried,42176.32,28,Owner
C001810,1984,West,Self-employed,74434.6,44,Owner
C001811,1995,Central,Retired,40375.0,167,Tenant
C001812,1971,East,Salaried,34746.95,157,Tenant
C001813,1997,South,Retired,32925.58,25,Mortgage
C001814,1954,Central,Salaried,63482.35,146,Tenant
C001815,1972,Central,Salaried,77754.78,224,Owner
C001816,1985,North,Salaried,32269.16,105,Mortgage
C001817,1989,South,Salaried,61912.22,38,Owner
C001818,1961,Central,Self-employed,32236.16,143,Tenant
C001819,1986,South,Retired,32565.61,113,Tenant
C001820,1973,East,Salaried,50443.41,93,Tenant
C001821,1985,North,Salaried,81681.56,143,Owner
C001822,1996,Central,Salaried,53038.33,227,Mortgage
C001823,1995,East,Salaried,57112.74,55,Mortgage
C001824,1989,East,Salaried,29780.05,177,Tenant
C001825,1973,Central,Salaried,74429.17,83,Owner
C001826,1987,East,Salaried,119401.95,181,Owner
C001827,1971,North,Salaried,59564.16,21,Tenant
C001828,1999,East,Salaried,17316.49,134,Tenant
C001829,1984,East,Self-employed,92153.57,167,Mortgage
C001830,1966,North,Self-employed,195441.67,39,Mortgage
C001831,1981,Central,Contract,28655.35,148,Mortgage
C001832,1964,Central,Retired,47190.33,17,Mortgage
C001833,1982,Central,Salaried,39593.65,183,Other
C001834,1967,North,Self-employed,50234.14,236,Mortgage
C001835,1992,South,Salaried,64742.96,184,Other
C001836,1963,Central,Self-employed,70962.08,210,Tenant
C001837,1997,West,Salaried,52147.09,192,Owner
C001838,1983,North,Salaried,56153.13,98,Owner
C001839,2004,West,Contract,34526.21,38,Tenant
C001840,1970,West,Self-employed,69672.63,157,Tenant
C001841,1989,North,Retired,41166.45,117,Tenant
C001842,1981,Central,Retired,32029.64,77,Mortgage
C001843,1996,North,Salaried,50751.29,128,Mortgage
C001844,1979,South,Contract,51520.78,181,Owner
C001845,2003,East,Contract,34814.85,71,Mortgage
C001846,1980,Central,Salaried,27784.69,8,Tenant
C001847,1972,East,Salaried,71947.85,169,Owner
C001848,1983,West,Self-employed,58065.28,202,Owner
C001849,1983,Central,Salaried,48603.56,140,Mortgage
C001850,1978,North,Retired,32140.88,167,Mortgage
C001851,1987,West,Salaried,117526.64,180,Owner
C001852,1971,South,Retired,27689.56,11,Tenant
C001853,1965,East,Salaried,33100.35,137,Owner
C001854,1978,East,Salaried,159633.24,100,Owner
C001855,1978,West,Salaried,33295.32,200,Owner
C001856,1979,North,Salaried,27156.02,89,Mortgage
C001857,1982,South,Salaried,90965.41,111,Tenant
C001858,1986,East,Salaried,16000,37,Other
C001859,1961,West,Self-employed,56388.13,183,Mortgage
C001860,1977,South,Salaried,36190.89,90,Tenant
C001861,1984,West,Retired,77518.65,197,Mortgage
C001862,1973,West,Salaried,43070.63,204,Owner
C001863,1982,Central,Self-employed,46827.97,119,Tenant
C001864,1986,South,Self-employed,109859.71,16,Mortgage
C001865,1973,North,Salaried,44727.47,95,Mortgage
C001866,1973,East,Salaried,37429.02,116,Tenant
C001867,1994,Central,Retired,18643.46,155,Mortgage
C001868,1979,North,Retired,71718.87,38,Owner
C001869,1978,North,Retired,91028.62,160,Mortgage
C001870,1967,East,Self-employed,32867.44,215,Tenant
C001871,1989,Central,Contract,45188.38,149,Tenant
C001872,1964,East,Salaried,90151.06,73,Tenant
C001873,1991,West,Salaried,98012.27,88,Tenant
C001874,1973,Central,Contract,60892.72,167,Mortgage
C001875,1985,Central,Retired,51754.58,54,Mortgage
C001876,1971,West,Self-employed,55209.35,143,Tenant
C001877,1989,North,Salaried,54986.94,30,Owner
C001878,2000,West,Salaried,44157.53,117,Owner
C001879,1976,East,Salaried,44691.46,30,Mortgage
C001880,1972,South,Salaried,33837.16,217,Tenant
C001881,1977,South,Self-employed,48454.44,237,Tenant
C001882,1961,West,Self-employed,220000,64,Mortgage
C001883,1973,East,Salaried,21123.24,54,Mortgage
C001884,1995,West,Salaried,29566.72,107,Tenant
C001885,1972,Central,Salaried,22777.77,137,Owner
C001886,1995,West,Salaried,30273.99,27,Owner
C001887,1974,West,Salaried,39131.68,37,Owner
C001888,1995,East,Salaried,71333.41,168,Mortgage
C001889,1999,East,Salaried,45913.25,20,Tenant
C001890,1980,West,Salaried,27386.56,148,Mortgage
C001891,1983,Central,Salaried,65857.79,8,Mortgage
C001892,1960,East,Salaried,91166.76,66,Owner
C001893,1972,Central,Self-employed,32132.26,156,Mortgage
C001894,1967,East,Salaried,75967.64,233,Mortgage
C001895,1968,West,Contract,41771.41,95,Mortgage
C001896,1964,East,Salaried,50604.86,161,Mortgage
C001897,1958,Central,Self-employed,62206.37,23,Owner
C001898,1983,East,Self-employed,46016.34,199,Tenant
C001899,1999,South,Salaried,83258.2,97,Owner
C001900,2000,West,Salaried,33444.55,19,Tenant
C001901,1958,Central,Salaried,35539.24,187,Owner
C001902,1999,South,Salaried,80318.02,189,Tenant
C001903,1987,East,Salaried,33891.22,198,Tenant
C001904,1968,Central,Salaried,83360.61,114,Mortgage
C001905,1999,Central,Salaried,32788.35,29,Mortgage
C001906,1974,North,Salaried,55114.92,232,Mortgage
C001907,1983,South,Retired,42477.51,82,Owner
C001908,1990,West,Salaried,45761.83,198,Owner
C001909,1990,Central,Salaried,32620.11,87,Tenant
C001910,1967,West,Salaried,39779.63,212,Owner
C001911,1979,East,Retired,39521.18,209,Owner
C001912,2004,North,Salaried,48809.91,99,Owner
C001913,1989,North,Salaried,21748.96,223,Mortgage
C001914,1964,Central,Salaried,64255.05,199,Mortgage
C001915,1977,South,Salaried,43271.9,48,Other
C001916,1978,South,Self-employed,41502.87,111,Owner
C001917,1988,East,Self-employed,23965.87,231,Tenant
C001918,1981,Central,Retired,39126.26,98,Mortgage
C001919,1962,East,Retired,74259.51,201,Tenant
C001920,1995,East,Salaried,51851.39,113,Tenant
C001921,1987,North,Salaried,62743.42,111,Tenant
C001922,1994,East,Contract,42180.24,33,Other
C001923,1975,North,Contract,27578.15,162,Tenant
C001924,1980,Central,Salaried,38726.42,200,Tenant
C001925,2004,North,Self-employed,64409.63,49,Owner
C001926,1989,North,Salaried,25641.69,221,Tenant
C001927,1991,South,Self-employed,32755.97,132,Mortgage
C001928,1983,South,Salaried,35436.1,60,Tenant
C001929,1986,Central,Salaried,42851.81,217,Mortgage
C001930,1991,East,Salaried,64042.06,20,Owner
C001931,1979,Central,Salaried,39385.19,74,Tenant
C001932,1986,West,Self-employed,39218.57,101,Tenant
C001933,1954,Central,Salaried,71987.08,237,Owner
C001934,1972,South,Salaried,57984.18,133,Tenant
C001935,1988,Central,Salaried,52348.13,116,Owner
C001936,1996,South,Salaried,42964.69,80,Owner
C001937,1969,West,Self-employed,44515.06,183,Other
C001938,1988,Central,Salaried,66528.09,140,Mortgage
C001939,1993,South,Retired,39956.48,136,Mortgage
C001940,1978,South,Contract,33485.14,148,Mortgage
C001941,1977,Central,Contract,46251.75,80,Mortgage
C001942,2004,East,Salaried,21025.04,232,Mortgage
C001943,1996,South,Salaried,30115.61,15,Other
C001944,1996,South,Retired,25401.62,17,Mortgage
C001945,2001,South,Salaried,69167.04,90,Tenant
C001946,1981,North,Salaried,54231.7,206,Owner
C001947,1967,South,Salaried,30381.17,174,Owner
C001948,1980,Central,Self-employed,68428.38,108,Tenant
C001949,2000,North,Salaried,61794.19,154,Owner
C001950,1990,East,Contract,29526.07,170,Mortgage
C001951,1990,West,Salaried,53095.65,167,Mortgage
C001952,1979,Central,Retired,23598.05,32,Tenant
C001953,1978,East,Salaried,32058.28,203,Mortgage
C001954,1988,North,Salaried,77718.94,46,Tenant
C001955,1983,South,Salaried,58690.29,16,Owner
C001956,1979,South,Self-employed,42822.04,37,Mortgage
C001957,1949,Central,Self-employed,98634.4,211,Tenant
C001958,1982,West,Self-employed,33281.19,60,Mortgage
C001959,1966,North,Salaried,54124.37,186,Owner
C001960,1985,South,Salaried,42929.92,18,Tenant
C001961,1991,Central,Salaried,16000,45,Mortgage
C001962,1995,West,Self-employed,101171.71,140,Mortgage
C001963,1999,South,Salaried,41697.95,115,Tenant
C001964,1999,North,Salaried,39252.87,12,Other
C001965,1980,South,Salaried,36395.07,149,Mortgage
C001966,1964,East,Salaried,56639.79,198,Owner
C001967,1964,North,Salaried,102832.48,232,Owner
C001968,1994,North,Salaried,51860.82,213,Mortgage
C001969,1998,North,Self-employed,85300.53,204,Tenant
C001970,1971,North,Retired,43873.79,166,Mortgage
C001971,1997,Central,Self-employed,61797.8,228,Mortgage
C001972,1969,South,Self-employed,76006.98,140,Mortgage
C001973,1995,Central,Salaried,55312.68,235,Tenant
C001974,1970,West,Retired,31593.08,230,Mortgage
C001975,1976,North,Self-employed,47647.02,229,Owner
C001976,1965,North,Contract,27475.58,219,Tenant
C001977,1979,South,Self-employed,30601.98,70,Other
C001978,1968,South,Retired,34404.35,102,Tenant
C001979,2004,North,Self-employed,54059.54,21,Owner
C001980,2001,South,Salaried,60946.4,87,Tenant
C001981,1947,Central,Salaried,35002.41,37,Mortgage
C001982,1978,Central,Self-employed,57792.35,117,Mortgage
C001983,1975,South,Self-employed,30512.63,226,Owner
C001984,1971,West,Salaried,56778.89,144,Mortgage
C001985,1984,South,Contract,25775.98,95,Mortgage
C001986,1982,North,Self-employed,30044.15,97,Mortgage
C001987,1989,East,Self-employed,37104.87,24,Mortgage
C001988,1973,Central,Salaried,44831.39,131,Tenant
C001989,1962,North,Salaried,58885.61,141,Mortgage
C001990,1984,West,Contract,16000,136,Tenant
C001991,1972,North,Salaried,23273.25,233,Mortgage
C001992,1960,North,Salaried,42470.52,6,Mortgage
C001993,2001,East,Salaried,40408.5,233,Owner
C001994,2000,West,Salaried,25560.05,182,Mortgage
C001995,1969,North,Self-employed,25757.3,237,Owner
C001996,1996,East,Contract,31994.61,223,Other
C001997,1984,East,Salaried,25122.18,192,Tenant
C001998,1971,North,Salaried,57047.74,90,Tenant
C001999,1963,Central,Retired,27750.67,112,Owner
C002000,2003,Central,Salaried,32550.38,18,Mortgage
C002001,2004,West,Salaried,64875.12,179,Owner
C002002,1956,East,Self-employed,72040.37,186,Mortgage
C002003,1963,West,Salaried,16000,157,Mortgage
C002004,1975,West,Salaried,79482.22,158,Tenant
C002005,1994,East,Salaried,46061.33,146,Owner
C002006,1977,South,Salaried,19918.14,146,Mortgage
C002007,1992,East,Contract,28128.83,204,Mortgage
C002008,1977,West,Self-employed,27563.81,64,Owner
C002009,1969,East,Retired,41049.96,125,Owner
C002010,1955,Central,Salaried,80806.31,43,Mortgage
C002011,1954,Central,Salaried,60482.69,125,Mortgage
C002012,1990,Central,Contract,44956.36,174,Owner
C002013,1976,East,Salaried,64332.71,96,Other
C002014,1998,South,Salaried,101580.12,166,Tenant
C002015,1967,West,Self-employed,88931.92,178,Mortgage
C002016,1956,North,Salaried,39620.34,119,Tenant
C002017,2001,West,Salaried,115976.67,6,Mortgage
C002018,1988,East,Self-employed,49937.6,160,Mortgage
C002019,1982,West,Contract,34055.66,90,Tenant
C002020,1985,Central,Salaried,45735.21,155,Owner
C002021,1997,South,Salaried,40678.02,208,Mortgage
C002022,2004,West,Salaried,92627.98,9,Tenant
C002023,1976,South,Salaried,65394.01,113,Mortgage
C002024,1966,West,Salaried,33042.66,209,Owner
C002025,2004,South,Self-employed,46400.96,150,Mortgage
C002026,1976,East,Retired,34725.79,101,Other
C002027,1985,North,Salaried,88385.08,59,Mortgage
C002028,1970,West,Salaried,34410.31,215,Owner
C002029,1985,North,Salaried,35299.19,50,Tenant
C002030,1995,East,Salaried,33777.04,131,Tenant
C002031,1972,West,Salaried,42328.24,196,Owner
C002032,1985,South,Salaried,35021.08,195,Tenant
C002033,1963,West,Retired,90335.35,71,Tenant
C002034,1988,West,Salaried,71649.29,75,Mortgage
C002035,1992,South,Salaried,89614.71,21,Tenant
C002036,1991,North,Self-employed,97536.75,56,Tenant
C002037,1974,Central,Self-employed,42234.91,170,Mortgage
C002038,1989,North,Self-employed,25461.31,201,Other
C002039,2004,West,Self-employed,28859.26,148,Owner
C002040,1969,North,Salaried,28180.69,217,Mortgage
C002041,1985,North,Salaried,37659.99,218,Mortgage
C002042,1983,Central,Self-employed,42136.64,64,Tenant
C002043,1974,South,Self-employed,80523.19,123,Tenant
C002044,2004,South,Salaried,16075.01,104,Tenant
C002045,1993,East,Salaried,29336.87,16,Other
C002046,1978,East,Salaried,40002.66,114,Tenant
C002047,2004,Central,Salaried,18188.5,87,Mortgage
C002048,1971,North,Salaried,39816.67,75,Mortgage
C002049,1990,West,Salaried,57244.9,87,Owner
C002050,2002,East,Self-employed,35890.56,114,Tenant
