loan_id,customer_id,origination_date,product_type,original_principal_eur,term_months,apr_pct,installment_eur,purpose
L000001,C001317,2022-11-01,Credit card,20007.14,60,13.371,600.21,Revolving credit
L000002,C001860,2022-05-01,Auto loan,19523.66,48,10.04,495.55,Vehicle purchase
L000003,C001418,2023-06-01,Credit card,22861.96,60,20.055,685.86,Revolving credit
L000004,C001984,2023-02-01,Mortgage,273119.78,180,4.239,2053.11,Home purchase
L000005,C001831,2023-07-01,Personal loan,3255.83,36,6.925,100.42,Debt consolidation
L000006,C000739,2023-02-01,Personal loan,25348.56,48,9.889,641.55,Debt consolidation
L000007,C001827,2018-12-01,Mortgage,367650.89,240,3.814,2191.98,Home purchase
L000008,C001201,2023-03-01,Personal loan,29661.49,60,12.95,674.13,Education
L000009,C000873,2022-12-01,Credit card,21591.46,60,12.537,647.74,Revolving credit
L000010,C000263,2018-04-01,Mortgage,283963.72,240,5.383,1934.67,Home purchase
L000011,C001961,2022-11-01,Credit card,11282.51,60,21.487,338.48,Revolving credit
L000012,C001647,2021-05-01,Personal loan,9880.27,72,14.24,204.86,Home improvement
L000013,C001295,2019-01-01,Mortgage,128194.88,180,4.626,988.97,Home purchase
L000014,C001803,2018-08-01,Mortgage,152284.79,300,4.402,838.02,Home purchase
L000015,C001871,2022-09-01,Mortgage,209446.77,180,2.051,1352.68,Home purchase
L000016,C002000,2022-09-01,Credit card,19554.82,60,22.83,586.64,Revolving credit
L000017,C001543,2023-10-01,Personal loan,25516.44,60,7.498,511.27,Debt consolidation
L000018,C001562,2021-08-01,Credit card,2913.08,60,23.049,87.39,Revolving credit
L000019,C001271,2023-01-01,Personal loan,29078.08,36,12.174,968.22,Debt consolidation
L000020,C000903,2022-08-01,Auto loan,17880.78,60,7.255,356.22,Vehicle purchase
L000021,C000520,2023-06-01,Auto loan,58261.77,60,7.18,1158.59,Vehicle purchase
L000022,C001931,2023-10-01,Personal loan,27063.96,48,4.343,615.24,Home improvement
L000023,C001101,2022-09-01,Credit card,3759.86,60,20.975,112.8,Revolving credit
L000024,C001422,2021-11-01,Auto loan,48982.79,72,7.847,855.18,Vehicle purchase
L000025,C000529,2023-06-01,Mortgage,371695.08,240,4.377,2326.97,Home purchase
L000026,C001925,2021-08-01,Personal loan,51958.95,60,6.603,1019.15,Debt consolidation
L000027,C000172,2022-09-01,Auto loan,60460.81,48,5.666,1410.67,Vehicle purchase
L000028,C001843,2022-09-01,Mortgage,414495.79,240,2.973,2293.12,Home purchase
L000029,C001170,2022-10-01,Credit card,16188.32,60,15.154,485.65,Revolving credit
L000030,C001084,2021-12-01,Auto loan,31855.42,60,4.713,596.97,Vehicle purchase
L000031,C001793,2023-02-01,Personal loan,37280.24,48,5.908,873.95,Major purchase
L000032,C000654,2022-02-01,Credit card,2699.02,60,17.203,80.97,Revolving credit
L000033,C001004,2021-11-01,Credit card,2636.59,60,13.838,79.1,Revolving credit
L000034,C000917,2021-10-01,Personal loan,25063.51,60,7.782,505.58,Major purchase
L000035,C000810,2022-08-01,Personal loan,26835.98,36,11.74,888.01,Debt consolidation
L000036,C001508,2023-01-01,Credit card,22163.41,60,20.113,664.9,Revolving credit
L000037,C001520,2021-04-01,Mortgage,103260.87,240,5.386,703.7,Home purchase
L000038,C001815,2023-08-01,Personal loan,29725.2,60,15.293,711.75,Home improvement
L000039,C000305,2022-03-01,Credit card,8893.37,60,22.46,266.8,Revolving credit
L000040,C001310,2023-04-01,Personal loan,44799.21,24,13.521,2140.81,Home improvement
L000041,C001230,2021-04-01,Mortgage,156279.68,240,4.533,991.47,Home purchase
L000042,C000091,2023-08-01,Credit card,3985.59,60,21.588,119.57,Revolving credit
L000043,C001299,2021-08-01,Credit card,3344.87,60,12.807,100.35,Revolving credit
L000044,C001331,2023-07-01,Personal loan,3424.38,48,11.013,88.53,Education
L000045,C001503,2022-01-01,Credit card,6446.83,60,19.349,193.4,Revolving credit
L000046,C001704,2023-06-01,Personal loan,28665.58,36,5.515,865.78,Major purchase
L000047,C001251,2022-03-01,Credit card,5580.75,60,18.492,167.42,Revolving credit
L000048,C001556,2022-04-01,Auto loan,25006.98,48,4.574,571.08,Vehicle purchase
L000049,C000288,2023-04-01,Auto loan,19186.24,48,7.3,462.11,Vehicle purchase
L000050,C000221,2023-02-01,Mortgage,411484.75,240,4.583,2621.75,Home purchase
L000051,C000472,2023-07-01,Mortgage,352784.64,240,1.943,1775.18,Home purchase
L000052,C001507,2022-06-01,Credit card,23079.29,60,13.373,692.38,Revolving credit
L000053,C000629,2023-03-01,Credit card,20912.59,60,17.735,627.38,Revolving credit
L000054,C000107,2023-06-01,Auto loan,44093.26,72,6.878,749.16,Vehicle purchase
L000055,C000843,2023-02-01,Personal loan,23744.74,48,4.161,537.85,Debt consolidation
L000056,C001006,2018-11-01,Mortgage,139500.57,300,2.673,638.03,Home purchase
L000057,C000037,2023-07-01,Auto loan,39739.88,72,3.68,615.95,Vehicle purchase
L000058,C000126,2022-04-01,Auto loan,30529.7,72,8.882,548.52,Vehicle purchase
L000059,C000701,2023-06-01,Personal loan,20422.8,60,13.921,474.36,Debt consolidation
L000060,C001384,2023-03-01,Auto loan,27871.75,72,4.022,436.33,Vehicle purchase
L000061,C001755,2021-12-01,Credit card,14337.46,60,14.851,430.12,Revolving credit
L000062,C000596,2019-06-01,Mortgage,267863.95,180,4.579,2060.03,Home purchase
L000063,C001121,2023-02-01,Credit card,18237.19,60,23.259,547.12,Revolving credit
L000064,C001640,2022-10-01,Personal loan,26783.16,48,5.99,628.88,Debt consolidation
L000065,C000424,2023-07-01,Personal loan,43365.15,36,4.938,1298.48,Debt consolidation
L000066,C000485,2023-09-01,Personal loan,23108.94,24,6.339,1027.74,Debt consolidation
L000067,C001105,2021-11-01,Credit card,9713.95,60,15.444,291.42,Revolving credit
L000068,C001094,2022-02-01,Auto loan,19515.44,72,8.14,343.5,Vehicle purchase
L000069,C001737,2023-04-01,Personal loan,15005.1,24,5.018,658.41,Debt consolidation
L000070,C000904,2022-06-01,Mortgage,217332.36,240,5.428,1486.23,Home purchase
L000071,C000851,2022-01-01,Credit card,13668.29,60,18.6,410.05,Revolving credit
L000072,C000794,2022-11-01,Personal loan,43606.41,60,5.003,822.97,Major purchase
L000073,C000774,2019-05-01,Mortgage,407392.57,300,1.936,1714.03,Home purchase
L000074,C001374,2020-01-01,Mortgage,135336.91,300,4.176,727.55,Home purchase
L000075,C001203,2021-12-01,Personal loan,7396.26,60,12.221,165.35,Major purchase
L000076,C000460,2021-12-01,Credit card,22464.81,60,22.635,673.94,Revolving credit
L000077,C001889,2022-12-01,Credit card,19229.43,60,20.447,576.88,Revolving credit
L000078,C000872,2021-11-01,Credit card,20112.87,60,17.317,603.39,Revolving credit
L000079,C000424,2023-08-01,Personal loan,40029.35,36,11.742,1324.62,Debt consolidation
L000080,C001182,2021-12-01,Personal loan,39691.92,60,14.497,933.81,Home improvement
L000081,C001980,2022-07-01,Personal loan,30813.51,48,8.239,755.7,Debt consolidation
L000082,C000568,2022-08-01,Credit card,9165.65,60,15.623,274.97,Revolving credit
L000083,C000533,2018-11-01,Mortgage,331908.18,180,3.899,2438.28,Home purchase
L000084,C001644,2021-07-01,Personal loan,22854.88,60,15.42,548.77,Education
L000085,C001243,2021-08-01,Personal loan,42907.21,60,9.776,906.92,Education
L000086,C001379,2018-09-01,Mortgage,155035.52,240,4.686,996.5,Home purchase
L000087,C000496,2023-07-01,Credit card,9494.01,60,14.467,284.82,Revolving credit
L000088,C000248,2023-10-01,Credit card,16648.57,60,17.196,499.46,Revolving credit
L000089,C001479,2021-08-01,Credit card,11017.08,60,17.089,330.51,Revolving credit
L000090,C001935,2021-09-01,Personal loan,42364.67,60,15.609,1021.46,Debt consolidation
L000091,C001781,2023-09-01,Auto loan,58778.68,48,3.467,1313.2,Vehicle purchase
L000092,C001112,2022-07-01,Credit card,16792.5,60,20.384,503.78,Revolving credit
L000093,C000243,2020-03-01,Mortgage,354494.09,240,2.876,1944.1,Home purchase
L000094,C001132,2023-02-01,Personal loan,34100.3,36,5.215,1025.31,Education
L000095,C000543,2022-03-01,Auto loan,12233.54,60,4.511,228.13,Vehicle purchase
L000096,C000161,2023-06-01,Auto loan,21036.32,36,6.959,649.15,Vehicle purchase
L000097,C000501,2023-10-01,Personal loan,39820.69,36,12.969,1341.12,Debt consolidation
L000098,C000796,2022-11-01,Personal loan,25592.73,36,7.043,790.73,Home improvement
L000099,C001907,2023-05-01,Personal loan,43899.2,60,6.586,860.7,Major purchase
L000100,C000940,2023-09-01,Auto loan,52701.26,60,8.415,1079.09,Vehicle purchase
L000101,C001095,2022-05-01,Personal loan,15127.52,60,12.057,336.94,Debt consolidation
L000102,C000338,2022-08-01,Personal loan,36574.82,60,11.386,802.29,Home improvement
L000103,C001523,2022-10-01,Auto loan,45415.41,36,10.131,1468.23,Vehicle purchase
L000104,C001514,2023-06-01,Auto loan,27896.74,48,9.274,697.84,Vehicle purchase
L000105,C001899,2022-12-01,Credit card,5461.52,60,15.799,163.85,Revolving credit
L000106,C001756,2021-11-01,Credit card,9978.51,60,14.828,299.36,Revolving credit
L000107,C000156,2021-01-01,Personal loan,26754.34,72,9.531,489.35,Education
L000108,C000975,2022-11-01,Personal loan,33880.87,48,10.864,873.42,Major purchase
L000109,C000524,2022-10-01,Personal loan,23598.37,48,14.756,653.84,Debt consolidation
L000110,C001220,2021-08-01,Credit card,12362.69,60,22.427,370.88,Revolving credit
L000111,C001468,2022-12-01,Auto loan,13718.43,60,4.887,258.17,Vehicle purchase
L000112,C000423,2023-04-01,Personal loan,32430.94,48,14.709,897.8,Debt consolidation
L000113,C001184,2022-11-01,Personal loan,31929.24,48,13.297,861.29,Home improvement
L000114,C000239,2021-11-01,Credit card,6778.41,60,13.111,203.35,Revolving credit
L000115,C000688,2023-04-01,Credit card,10591.47,60,21.56,317.74,Revolving credit
L000116,C001168,2023-02-01,Mortgage,241905.71,240,4.194,1490.69,Home purchase
L000117,C000137,2022-10-01,Credit card,8652.0,60,18.421,259.56,Revolving credit
L000118,C000632,2021-10-01,Credit card,8692.55,60,21.112,260.78,Revolving credit
L000119,C001488,2022-09-01,Credit card,8146.65,60,18.022,244.4,Revolving credit
L000120,C000811,2021-10-01,Credit card,22206.06,60,15.836,666.18,Revolving credit
L000121,C000060,2022-04-01,Personal loan,42063.81,60,12.446,945.2,Debt consolidation
L000122,C000958,2021-11-01,Credit card,18898.5,60,22.557,566.95,Revolving credit
L000123,C000360,2023-01-01,Credit card,11735.05,60,21.607,352.05,Revolving credit
L000124,C000969,2019-07-01,Mortgage,183867.65,300,3.219,893.01,Home purchase
L000125,C001325,2022-01-01,Personal loan,15466.67,48,10.734,397.75,Debt consolidation
L000126,C001087,2018-03-01,Mortgage,191905.34,300,3.233,933.49,Home purchase
L000127,C000132,2023-09-01,Auto loan,35733.41,36,7.004,1103.41,Vehicle purchase
L000128,C000241,2022-04-01,Personal loan,23922.78,48,9.423,600.13,Major purchase
L000129,C001439,2021-12-01,Credit card,10993.06,60,18.231,329.79,Revolving credit
L000130,C001240,2022-09-01,Personal loan,30098.96,36,6.557,923.28,Home improvement
L000131,C000002,2022-07-01,Auto loan,10373.34,60,8.933,215.0,Vehicle purchase
L000132,C001908,2023-05-01,Personal loan,31182.82,72,10.595,587.1,Debt consolidation
L000133,C001644,2022-11-01,Credit card,17928.51,60,12.912,537.86,Revolving credit
L000134,C000912,2022-09-01,Auto loan,39548.58,60,3.795,724.69,Vehicle purchase
L000135,C001275,2021-12-01,Credit card,5247.27,60,22.198,157.42,Revolving credit
L000136,C001498,2022-04-01,Personal loan,50757.27,60,11.082,1105.66,Home improvement
L000137,C001446,2023-02-01,Personal loan,10007.99,48,15.116,279.12,Major purchase
L000138,C000633,2023-08-01,Auto loan,22508.99,36,6.116,685.95,Vehicle purchase
L000139,C000244,2019-04-01,Mortgage,287370.42,300,5.573,1777.22,Home purchase
L000140,C001768,2023-06-01,Personal loan,36447.45,48,14.611,1007.18,Major purchase
L000141,C000908,2022-07-01,Personal loan,12469.7,48,14.323,342.78,Debt consolidation
L000142,C001397,2021-12-01,Credit card,14209.37,60,20.338,426.28,Revolving credit
L000143,C000442,2023-01-01,Credit card,10900.35,60,18.742,327.01,Revolving credit
L000144,C001730,2022-05-01,Personal loan,9367.36,60,13.156,213.89,Education
L000145,C000175,2022-09-01,Mortgage,322977.5,240,3.798,1923.02,Home purchase
L000146,C001741,2022-11-01,Credit card,7799.47,60,18.953,233.98,Revolving credit
L000147,C001362,2022-08-01,Auto loan,57321.27,36,9.242,1829.27,Vehicle purchase
L000148,C001427,2022-03-01,Credit card,2893.67,60,15.44,86.81,Revolving credit
L000149,C001815,2018-02-01,Mortgage,153221.02,300,4.498,851.47,Home purchase
L000150,C001415,2021-01-01,Personal loan,7977.76,72,15.413,170.48,Debt consolidation
L000151,C001538,2019-09-01,Mortgage,199054.85,300,2.339,876.94,Home purchase
L000152,C001784,2022-10-01,Personal loan,12861.33,60,5.504,245.69,Major purchase
L000153,C001692,2022-10-01,Credit card,3011.4,60,17.013,90.34,Revolving credit
L000154,C000184,2023-08-01,Personal loan,49635.99,60,9.867,1051.38,Home improvement
L000155,C000832,2022-12-01,Personal loan,20761.7,60,13.807,481.02,Home improvement
L000156,C000257,2023-09-01,Credit card,4376.01,60,23.396,131.28,Revolving credit
L000157,C000933,2022-09-01,Personal loan,42912.19,36,5.405,1293.92,Home improvement
L000158,C000520,2023-06-01,Auto loan,46688.71,36,3.822,1374.74,Vehicle purchase
L000159,C001136,2018-02-01,Mortgage,303219.45,180,5.248,2437.27,Home purchase
L000160,C000807,2023-01-01,Auto loan,42664.28,72,6.717,721.59,Vehicle purchase
L000161,C000471,2023-04-01,Credit card,13679.88,60,15.1,410.4,Revolving credit
L000162,C000064,2020-07-01,Mortgage,356306.0,240,2.402,1871.18,Home purchase
L000163,C000890,2021-10-01,Auto loan,28165.96,60,10.299,602.59,Vehicle purchase
L000164,C001231,2021-11-01,Credit card,22907.7,60,14.138,687.23,Revolving credit
L000165,C001211,2023-08-01,Auto loan,15797.86,48,5.587,368.03,Vehicle purchase
L000166,C001023,2022-07-01,Personal loan,22007.22,48,10.222,560.51,Debt consolidation
L000167,C000182,2023-01-01,Credit card,13887.38,60,23.557,416.62,Revolving credit
L000168,C000530,2022-10-01,Personal loan,27577.18,36,12.071,916.9,Major purchase
L000169,C000391,2023-05-01,Auto loan,10826.73,72,8.397,191.93,Vehicle purchase
L000170,C001565,2021-08-01,Mortgage,209571.35,240,2.885,1150.24,Home purchase
L000171,C000502,2023-02-01,Auto loan,28208.5,48,4.974,649.29,Vehicle purchase
L000172,C000104,2023-01-01,Auto loan,48554.52,60,5.409,925.4,Vehicle purchase
L000173,C001458,2022-06-01,Auto loan,46997.88,60,8.556,965.5,Vehicle purchase
L000174,C000536,2022-09-01,Personal loan,32779.75,36,11.163,1075.69,Home improvement
L000175,C000657,2022-08-01,Personal loan,14913.81,60,7.116,296.13,Home improvement
L000176,C001624,2021-07-01,Credit card,8812.39,60,17.876,264.37,Revolving credit
L000177,C001684,2019-01-01,Mortgage,414154.87,240,1.85,2065.86,Home purchase
L000178,C000742,2023-04-01,Auto loan,43186.0,48,7.442,1043.01,Vehicle purchase
L000179,C001970,2022-09-01,Credit card,7754.96,60,17.52,232.65,Revolving credit
L000180,C000046,2019-03-01,Mortgage,329624.82,240,4.145,2022.72,Home purchase
L000181,C001627,2023-02-01,Personal loan,17204.54,48,6.733,409.86,Home improvement
L000182,C000376,2023-07-01,Personal loan,30084.45,36,14.151,1030.42,Debt consolidation
L000183,C000362,2021-12-01,Credit card,17565.45,60,15.999,526.96,Revolving credit
L000184,C000389,2022-05-01,Personal loan,24360.03,48,8.125,596.13,Debt consolidation
L000185,C000301,2023-07-01,Credit card,12992.09,60,21.104,389.76,Revolving credit
L000186,C002003,2022-07-01,Credit card,11408.73,60,18.113,342.26,Revolving credit
L000187,C000855,2023-08-01,Auto loan,25355.72,60,10.488,544.85,Vehicle purchase
L000188,C001220,2023-10-01,Personal loan,43904.39,60,6.265,854.22,Debt consolidation
L000189,C000113,2023-10-01,Personal loan,6899.79,36,5.254,207.58,Home improvement
L000190,C000306,2023-04-01,Personal loan,33421.36,24,4.03,1451.76,Major purchase
L000191,C000367,2022-08-01,Personal loan,50098.28,36,11.805,1659.33,Home improvement
L000192,C001852,2021-10-01,Personal loan,4901.59,60,5.394,93.39,Major purchase
L000193,C000235,2022-08-01,Credit card,19565.65,60,18.971,586.97,Revolving credit
L000194,C001492,2023-05-01,Credit card,17004.53,60,19.546,510.14,Revolving credit
L000195,C000393,2023-05-01,Auto loan,33726.87,60,7.765,680.07,Vehicle purchase
L000196,C001721,2022-03-01,Auto loan,10851.47,60,5.704,208.3,Vehicle purchase
L000197,C001962,2021-07-01,Mortgage,360803.91,300,2.973,1705.98,Home purchase
L000198,C000690,2022-07-01,Credit card,5308.38,60,17.01,159.25,Revolving credit
L000199,C001613,2022-02-01,Auto loan,51320.3,60,6.983,1015.8,Vehicle purchase
L000200,C001086,2021-04-01,Mortgage,336989.01,240,5.168,2255.34,Home purchase
L000201,C000148,2022-08-01,Auto loan,15874.55,36,5.861,481.94,Vehicle purchase
L000202,C001632,2022-08-01,Personal loan,14803.51,60,7.927,299.64,Home improvement
L000203,C001975,2023-04-01,Credit card,10241.14,60,18.566,307.23,Revolving credit
L000204,C000496,2023-02-01,Personal loan,34243.45,36,12.736,1149.45,Home improvement
L000205,C001055,2023-06-01,Auto loan,25653.98,36,8.588,810.88,Vehicle purchase
L000206,C001769,2022-05-01,Personal loan,49324.34,72,9.514,901.73,Debt consolidation
L000207,C000895,2018-10-01,Mortgage,404284.09,300,2.586,1831.3,Home purchase
L000208,C000286,2023-07-01,Personal loan,7616.97,36,9.773,244.97,Home improvement
L000209,C001075,2022-07-01,Credit card,12152.64,60,18.95,364.58,Revolving credit
L000210,C000881,2018-10-01,Mortgage,240335.84,240,2.878,1318.31,Home purchase
L000211,C001679,2023-05-01,Personal loan,42547.37,24,8.761,1939.11,Debt consolidation
L000212,C000491,2022-10-01,Mortgage,289907.12,180,4.675,2243.8,Home purchase
L000213,C001039,2023-01-01,Credit card,16181.37,60,18.438,485.44,Revolving credit
L000214,C001827,2023-08-01,Personal loan,50666.65,48,15.555,1424.38,Debt consolidation
L000215,C001751,2022-03-01,Personal loan,28789.81,72,10.227,536.66,Major purchase
L000216,C000044,2021-07-01,Personal loan,29912.32,60,9.457,627.58,Debt consolidation
L000217,C001075,2022-03-01,Credit card,12542.59,60,18.36,376.28,Revolving credit
L000218,C001598,2022-07-01,Auto loan,22585.43,60,3.804,413.95,Vehicle purchase
L000219,C001070,2020-06-01,Mortgage,383846.18,240,4.436,2415.15,Home purchase
L000220,C000222,2023-06-01,Personal loan,21803.36,36,14.763,753.29,Home improvement
L000221,C000897,2022-10-01,Personal loan,34220.65,60,14.741,809.46,Debt consolidation
L000222,C000247,2023-07-01,Auto loan,45178.72,48,4.392,1028.05,Vehicle purchase
L000223,C000018,2023-10-01,Personal loan,9657.19,24,15.179,469.07,Home improvement
L000224,C000228,2023-09-01,Personal loan,48473.29,60,4.384,901.13,Home improvement
L000225,C000891,2019-01-01,Mortgage,211647.57,300,3.742,1087.18,Home purchase
L000226,C001110,2021-08-01,Auto loan,26463.93,60,4.928,498.53,Vehicle purchase
L000227,C000566,2022-11-01,Credit card,8038.73,60,13.999,241.16,Revolving credit
L000228,C001716,2022-12-01,Auto loan,50522.45,60,3.779,925.41,Vehicle purchase
L000229,C001345,2022-01-01,Auto loan,22875.49,60,6.03,442.57,Vehicle purchase
L000230,C000472,2022-05-01,Mortgage,369724.69,240,3.842,2209.74,Home purchase
L000231,C001362,2022-11-01,Personal loan,51504.38,48,14.977,1432.81,Debt consolidation
L000232,C001363,2021-10-01,Credit card,3711.67,60,13.207,111.35,Revolving credit
L000233,C001229,2022-07-01,Credit card,20400.01,60,19.654,612.0,Revolving credit
L000234,C000482,2023-03-01,Personal loan,29744.35,36,7.404,923.92,Debt consolidation
L000235,C001168,2020-07-01,Mortgage,385129.87,240,2.937,2123.76,Home purchase
L000236,C000433,2022-12-01,Credit card,4916.58,60,20.226,147.5,Revolving credit
L000237,C001492,2023-05-01,Credit card,9557.13,60,12.841,286.71,Revolving credit
L000238,C000086,2021-10-01,Credit card,4726.35,60,14.265,141.79,Revolving credit
L000239,C000809,2021-12-01,Auto loan,58921.43,60,10.124,1255.49,Vehicle purchase
L000240,C000203,2022-11-01,Personal loan,17711.72,48,10.557,453.97,Major purchase
L000241,C000504,2023-04-01,Credit card,14281.36,60,23.556,428.44,Revolving credit
L000242,C001699,2022-03-01,Credit card,3187.31,60,21.852,95.62,Revolving credit
L000243,C001518,2022-11-01,Mortgage,316160.08,240,4.864,2062.81,Home purchase
L000244,C001572,2023-02-01,Mortgage,347991.83,240,5.662,2425.76,Home purchase
L000245,C001435,2022-11-01,Credit card,2537.76,60,13.503,76.13,Revolving credit
L000246,C000443,2022-10-01,Credit card,6501.4,60,12.998,195.04,Revolving credit
L000247,C001776,2023-03-01,Personal loan,33546.65,36,4.029,990.86,Major purchase
L000248,C000258,2023-01-01,Credit card,15528.64,60,18.522,465.86,Revolving credit
L000249,C001018,2023-10-01,Auto loan,23467.36,72,4.186,369.15,Vehicle purchase
L000250,C000764,2022-09-01,Auto loan,30452.15,48,5.23,704.47,Vehicle purchase
L000251,C000796,2022-09-01,Auto loan,49544.14,60,7.575,994.52,Vehicle purchase
L000252,C000381,2023-02-01,Auto loan,38132.31,60,9.44,799.72,Vehicle purchase
L000253,C000362,2022-04-01,Personal loan,52393.37,48,11.196,1359.14,Education
L000254,C001791,2023-02-01,Credit card,16379.08,60,14.734,491.37,Revolving credit
L000255,C000262,2022-05-01,Mortgage,134563.94,300,2.528,605.59,Home purchase
L000256,C000559,2023-04-01,Personal loan,32129.62,36,14.659,1108.43,Home improvement
L000257,C000835,2022-06-01,Credit card,12822.68,60,15.929,384.68,Revolving credit
L000258,C001578,2022-01-01,Auto loan,57408.27,48,8.862,1424.84,Vehicle purchase
L000259,C001579,2022-12-01,Credit card,2046.84,60,22.608,61.41,Revolving credit
L000260,C001047,2022-01-01,Mortgage,180789.49,300,5.462,1106.1,Home purchase
L000261,C001038,2022-08-01,Personal loan,6195.49,36,15.572,216.51,Debt consolidation
L000262,C001023,2023-10-01,Personal loan,35841.75,36,15.458,1250.52,Debt consolidation
L000263,C001297,2021-01-01,Mortgage,272882.3,180,2.15,1774.98,Home purchase
L000264,C001734,2022-07-01,Credit card,23892.27,60,14.622,716.77,Revolving credit
L000265,C000849,2022-06-01,Personal loan,7981.0,48,14.857,221.54,Major purchase
L000266,C000334,2022-02-01,Credit card,9690.58,60,22.762,290.72,Revolving credit
L000267,C001368,2022-03-01,Auto loan,34073.32,60,5.765,655.01,Vehicle purchase
L000268,C000794,2023-05-01,Personal loan,51993.17,24,9.711,2392.29,Major purchase
L000269,C001867,2022-08-01,Personal loan,44785.97,36,9.427,1433.1,Home improvement
L000270,C001020,2021-07-01,Auto loan,18519.61,60,5.765,356.02,Vehicle purchase
L000271,C000091,2022-12-01,Credit card,5202.01,60,17.672,156.06,Revolving credit
L000272,C001938,2023-10-01,Auto loan,16630.59,60,4.023,306.45,Vehicle purchase
L000273,C001789,2022-12-01,Credit card,2916.72,60,19.101,87.5,Revolving credit
L000274,C001570,2023-05-01,Credit card,17139.43,60,14.81,514.18,Revolving credit
L000275,C000941,2023-02-01,Auto loan,57709.3,36,9.515,1849.0,Vehicle purchase
L000276,C001938,2021-07-01,Auto loan,56508.38,60,4.575,1055.41,Vehicle purchase
L000277,C001622,2022-01-01,Auto loan,30850.04,60,5.641,591.28,Vehicle purchase
L000278,C000266,2022-03-01,Personal loan,18848.64,48,13.193,507.47,Home improvement
L000279,C000919,2019-11-01,Mortgage,161001.88,180,3.063,1116.72,Home purchase
L000280,C001155,2023-06-01,Personal loan,43095.58,36,9.32,1376.85,Debt consolidation
L000281,C001806,2022-05-01,Personal loan,45583.58,48,12.261,1206.24,Debt consolidation
L000282,C001533,2022-08-01,Credit card,4385.7,60,16.816,131.57,Revolving credit
L000283,C000979,2023-05-01,Personal loan,39475.13,72,12.09,773.6,Major purchase
L000284,C000302,2023-01-01,Credit card,6661.41,60,22.639,199.84,Revolving credit
L000285,C001229,2021-07-01,Personal loan,21220.05,60,11.428,465.92,Education
L000286,C001510,2022-10-01,Credit card,16606.83,60,22.218,498.2,Revolving credit
L000287,C000747,2022-09-01,Credit card,14781.27,60,21.834,443.44,Revolving credit
L000288,C000082,2023-03-01,Auto loan,10398.65,60,10.057,221.23,Vehicle purchase
L000289,C000015,2023-04-01,Auto loan,12563.89,60,3.558,228.88,Vehicle purchase
L000290,C001892,2023-09-01,Credit card,12800.84,60,18.152,384.03,Revolving credit
L000291,C000412,2022-10-01,Personal loan,20464.28,60,13.12,466.89,Debt consolidation
L000292,C001599,2023-05-01,Auto loan,38835.33,36,7.528,1208.52,Vehicle purchase
L000293,C000984,2018-12-01,Mortgage,332033.2,240,4.754,2146.42,Home purchase
L000294,C001441,2022-09-01,Personal loan,28791.43,36,9.51,922.41,Home improvement
L000295,C000463,2023-01-01,Credit card,12926.03,60,18.309,387.78,Revolving credit
L000296,C001528,2023-07-01,Credit card,14731.16,60,17.854,441.93,Revolving credit
L000297,C001042,2021-09-01,Credit card,14714.46,60,14.195,441.43,Revolving credit
L000298,C000775,2023-02-01,Personal loan,15426.73,24,11.4,721.87,Home improvement
L000299,C000544,2022-11-01,Credit card,18236.96,60,21.425,547.11,Revolving credit
L000300,C000704,2022-07-01,Personal loan,34107.59,36,10.477,1108.2,Debt consolidation
L000301,C000807,2023-06-01,Personal loan,22156.27,48,10.733,569.77,Home improvement
L000302,C001768,2021-11-01,Personal loan,51500.49,60,10.698,1112.01,Home improvement
L000303,C000228,2021-07-01,Personal loan,53202.68,60,9.84,1126.23,Debt consolidation
L000304,C001308,2021-03-01,Personal loan,15877.02,72,4.903,254.98,Major purchase
L000305,C000142,2022-08-01,Auto loan,18969.04,60,9.439,397.82,Vehicle purchase
L000306,C001667,2023-10-01,Credit card,21578.07,60,21.517,647.34,Revolving credit
L000307,C001116,2023-09-01,Personal loan,50982.41,60,7.217,1014.73,Major purchase
L000308,C001942,2023-10-01,Personal loan,13033.47,36,10.898,426.07,Home improvement
L000309,C001703,2023-04-01,Credit card,22637.44,60,19.813,679.12,Revolving credit
L000310,C000318,2022-11-01,Personal loan,19897.44,48,14.09,544.63,Home improvement
L000311,C001237,2023-05-01,Auto loan,26719.12,48,6.238,630.42,Vehicle purchase
L000312,C000695,2022-08-01,Personal loan,15997.85,36,9.784,514.59,Major purchase
L000313,C000255,2021-01-01,Mortgage,355467.43,300,5.133,2105.62,Home purchase
L000314,C001024,2020-01-01,Mortgage,265784.08,300,2.006,1127.3,Home purchase
L000315,C000350,2023-07-01,Auto loan,9024.12,48,5.325,209.15,Vehicle purchase
L000316,C001383,2021-11-01,Credit card,16618.07,60,13.479,498.54,Revolving credit
L000317,C000808,2023-06-01,Credit card,9912.44,60,21.661,297.37,Revolving credit
L000318,C001347,2019-02-01,Mortgage,321408.78,300,4.008,1697.88,Home purchase
L000319,C000699,2021-09-01,Credit card,17485.58,60,14.526,524.57,Revolving credit
L000320,C000476,2022-04-01,Credit card,4258.17,60,15.728,127.75,Revolving credit
L000321,C001165,2022-10-01,Personal loan,7372.72,60,15.345,176.74,Major purchase
L000322,C000690,2021-08-01,Credit card,5384.4,60,22.826,161.53,Revolving credit
L000323,C000176,2022-03-01,Personal loan,35202.55,48,7.572,852.35,Home improvement
L000324,C001218,2023-05-01,Credit card,17202.7,60,14.174,516.08,Revolving credit
L000325,C001340,2020-12-01,Mortgage,404285.05,300,3.049,1927.42,Home purchase
L000326,C000466,2023-04-01,Credit card,2559.6,60,13.584,76.79,Revolving credit
L000327,C000700,2023-09-01,Mortgage,171642.33,180,2.803,1169.12,Home purchase
L000328,C001032,2023-08-01,Credit card,22738.73,60,17.933,682.16,Revolving credit
L000329,C001836,2022-03-01,Credit card,2652.03,60,21.309,79.56,Revolving credit
L000330,C002022,2022-10-01,Credit card,22018.43,60,17.363,660.55,Revolving credit
L000331,C000550,2023-09-01,Personal loan,26338.71,48,13.363,711.36,Major purchase
L000332,C002020,2022-05-01,Mortgage,142008.29,300,5.017,831.6,Home purchase
L000333,C001790,2022-04-01,Auto loan,44320.6,60,8.098,900.73,Vehicle purchase
L000334,C001307,2023-05-01,Auto loan,20635.11,60,9.076,429.11,Vehicle purchase
L000335,C000786,2019-04-01,Mortgage,298631.45,300,3.638,1517.16,Home purchase
L000336,C000952,2023-03-01,Credit card,22109.89,60,21.315,663.3,Revolving credit
L000337,C000331,2022-02-01,Auto loan,45129.68,60,8.124,917.74,Vehicle purchase
L000338,C001418,2022-11-01,Personal loan,27402.71,60,11.734,605.88,Debt consolidation
L000339,C001637,2023-06-01,Personal loan,21018.16,48,8.911,522.15,Education
L000340,C001054,2023-05-01,Credit card,18276.66,60,15.668,548.3,Revolving credit
L000341,C000774,2023-07-01,Auto loan,48352.29,60,5.762,929.45,Vehicle purchase
L000342,C000408,2022-09-01,Personal loan,24357.49,36,5.266,732.92,Home improvement
L000343,C001032,2023-02-01,Personal loan,15342.25,60,14.686,362.47,Home improvement
L000344,C000459,2023-01-01,Personal loan,7169.27,24,13.351,342.02,Debt consolidation
L000345,C001312,2019-02-01,Mortgage,405120.77,180,5.413,3291.42,Home purchase
L000346,C000289,2023-09-01,Personal loan,34528.93,72,6.816,585.63,Education
L000347,C001370,2023-10-01,Auto loan,39817.66,48,9.263,995.84,Vehicle purchase
L000348,C000380,2023-01-01,Auto loan,57637.85,48,6.856,1376.36,Vehicle purchase
L000349,C000552,2022-02-01,Credit card,23395.33,60,13.215,701.86,Revolving credit
L000350,C000753,2021-07-01,Auto loan,23922.09,60,6.691,470.21,Vehicle purchase
L000351,C001048,2023-08-01,Personal loan,13656.4,36,5.233,410.72,Debt consolidation
L000352,C001865,2021-10-01,Credit card,4929.48,60,20.717,147.88,Revolving credit
L000353,C001902,2022-03-01,Personal loan,7424.49,48,13.217,199.98,Major purchase
L000354,C001860,2022-11-01,Credit card,12474.66,60,17.493,374.24,Revolving credit
L000355,C000528,2023-03-01,Auto loan,41142.99,36,10.288,1333.14,Vehicle purchase
L000356,C001127,2021-11-01,Credit card,14912.43,60,16.138,447.37,Revolving credit
L000357,C001869,2023-10-01,Auto loan,20837.37,36,7.255,645.83,Vehicle purchase
L000358,C000165,2022-12-01,Personal loan,35951.44,36,14.341,1234.7,Major purchase
L000359,C001603,2022-10-01,Auto loan,10747.31,72,9.239,195.0,Vehicle purchase
L000360,C001296,2022-08-01,Personal loan,52044.08,36,7.705,1623.81,Debt consolidation
L000361,C000762,2023-03-01,Personal loan,49557.01,48,11.657,1296.69,Major purchase
L000362,C001693,2022-06-01,Credit card,17367.96,60,18.238,521.04,Revolving credit
L000363,C000434,2023-10-01,Auto loan,10658.03,36,8.891,338.38,Vehicle purchase
L000364,C000512,2022-07-01,Auto loan,24637.39,36,6.438,754.42,Vehicle purchase
L000365,C001714,2021-03-01,Personal loan,17217.91,72,5.488,281.21,Home improvement
L000366,C000471,2023-10-01,Auto loan,60922.09,60,6.603,1194.96,Vehicle purchase
L000367,C001169,2023-06-01,Auto loan,20878.83,60,6.584,409.34,Vehicle purchase
L000368,C001978,2021-10-01,Auto loan,22587.45,60,8.159,459.71,Vehicle purchase
L000369,C001901,2022-04-01,Credit card,15085.63,60,20.944,452.57,Revolving credit
L000370,C001914,2023-09-01,Personal loan,47463.8,36,14.963,1644.49,Major purchase
L000371,C001464,2023-05-01,Auto loan,52226.3,36,8.946,1659.47,Vehicle purchase
L000372,C000089,2023-06-01,Personal loan,15585.71,60,7.196,310.06,Major purchase
L000373,C001355,2023-07-01,Personal loan,10179.76,36,11.663,336.48,Home improvement
L000374,C000111,2023-07-01,Credit card,2610.9,60,12.632,78.33,Revolving credit
L000375,C000136,2022-01-01,Credit card,4829.09,60,13.359,144.87,Revolving credit
L000376,C000820,2022-09-01,Credit card,16735.04,60,16.102,502.05,Revolving credit
L000377,C001275,2021-08-01,Personal loan,10366.79,60,5.006,195.66,Home improvement
L000378,C001511,2023-01-01,Personal loan,8536.25,60,10.85,184.96,Major purchase
L000379,C001425,2021-11-01,Credit card,17260.62,60,23.319,517.82,Revolving credit
L000380,C000124,2022-01-01,Personal loan,51154.98,48,4.538,1167.38,Debt consolidation
L000381,C001848,2023-06-01,Auto loan,28117.75,60,9.204,586.46,Vehicle purchase
L000382,C001977,2023-03-01,Personal loan,43487.46,36,8.608,1374.97,Major purchase
L000383,C000516,2021-08-01,Mortgage,313268.59,240,3.26,1778.44,Home purchase
L000384,C001189,2023-10-01,Auto loan,29131.47,60,4.22,539.4,Vehicle purchase
L000385,C001038,2023-08-01,Auto loan,27774.07,48,6.376,657.07,Vehicle purchase
L000386,C000912,2022-10-01,Personal loan,35876.13,36,4.367,1065.07,Debt consolidation
L000387,C000510,2022-02-01,Auto loan,50014.13,48,5.914,1172.6,Vehicle purchase
L000388,C001060,2022-03-01,Mortgage,399795.06,240,4.093,2442.28,Home purchase
L000389,C001697,2021-11-01,Auto loan,26814.53,60,7.613,538.75,Vehicle purchase
L000390,C001838,2022-01-01,Auto loan,47459.33,60,9.581,998.61,Vehicle purchase
L000391,C000937,2022-03-01,Personal loan,10543.42,60,14.646,248.87,Home improvement
L000392,C001588,2023-02-01,Personal loan,24250.06,60,12.384,544.14,Major purchase
L000393,C001502,2023-10-01,Personal loan,11495.27,48,9.955,291.3,Education
L000394,C000156,2022-12-01,Credit card,16296.69,60,20.243,488.9,Revolving credit
L000395,C000553,2022-07-01,Credit card,22487.56,60,17.288,674.63,Revolving credit
L000396,C001086,2021-11-01,Personal loan,42104.44,60,15.738,1018.06,Debt consolidation
L000397,C001714,2023-07-01,Auto loan,39658.8,36,10.197,1283.35,Vehicle purchase
L000398,C001579,2020-03-01,Mortgage,280006.52,300,5.685,1750.56,Home purchase
L000399,C001019,2023-08-01,Personal loan,4369.97,36,10.612,142.27,Debt consolidation
L000400,C001481,2023-03-01,Personal loan,35380.23,60,9.511,743.25,Major purchase
L000401,C000212,2019-11-01,Mortgage,344337.77,240,3.615,2017.51,Home purchase
L000402,C001688,2022-07-01,Credit card,2407.82,60,19.425,72.23,Revolving credit
L000403,C001144,2023-08-01,Personal loan,15756.16,72,12.256,310.14,Debt consolidation
L000404,C001437,2023-10-01,Personal loan,21760.48,60,4.349,404.19,Home improvement
L000405,C000013,2022-01-01,Mortgage,186978.06,180,3.145,1304.3,Home purchase
L000406,C001734,2022-07-01,Credit card,9690.07,60,20.488,290.7,Revolving credit
L000407,C000398,2023-03-01,Personal loan,5240.89,60,14.723,123.92,Home improvement
L000408,C000730,2023-07-01,Credit card,23019.57,60,13.69,690.59,Revolving credit
L000409,C000189,2021-03-01,Auto loan,45505.06,72,4.268,717.5,Vehicle purchase
L000410,C000825,2019-10-01,Mortgage,388881.84,180,4.936,3062.39,Home purchase
L000411,C001719,2021-12-01,Credit card,18187.07,60,22.36,545.61,Revolving credit
L000412,C001789,2023-08-01,Credit card,5327.2,60,17.388,159.82,Revolving credit
L000413,C001299,2023-09-01,Personal loan,27580.9,24,5.889,1221.03,Debt consolidation
L000414,C000604,2018-01-01,Mortgage,179071.08,180,5.546,1467.53,Home purchase
L000415,C000823,2022-08-01,Credit card,3501.99,60,18.302,105.06,Revolving credit
L000416,C000572,2023-03-01,Auto loan,53185.01,60,10.065,1131.74,Vehicle purchase
L000417,C001430,2023-05-01,Auto loan,15102.36,48,8.351,371.19,Vehicle purchase
L000418,C002012,2023-04-01,Auto loan,20281.44,60,3.537,369.29,Vehicle purchase
L000419,C000513,2022-05-01,Credit card,9109.9,60,20.848,273.3,Revolving credit
L000420,C000181,2023-03-01,Personal loan,17162.5,48,13.812,467.38,Major purchase
L000421,C002000,2019-02-01,Mortgage,384814.58,240,3.35,2202.24,Home purchase
L000422,C001958,2022-06-01,Auto loan,51399.51,72,8.595,916.21,Vehicle purchase
L000423,C001123,2021-11-01,Personal loan,29307.03,60,11.408,643.18,Home improvement
L000424,C001058,2021-12-01,Auto loan,18117.34,60,4.195,335.26,Vehicle purchase
L000425,C000098,2023-10-01,Personal loan,39331.18,36,14.162,1347.34,Home improvement
L000426,C001439,2022-11-01,Credit card,22320.55,60,18.006,669.62,Revolving credit
L000427,C000029,2023-07-01,Personal loan,24719.87,48,6.722,588.76,Home improvement
L000428,C001642,2022-08-01,Credit card,19312.03,60,20.108,579.36,Revolving credit
L000429,C001774,2022-10-01,Credit card,20949.21,60,17.98,628.48,Revolving credit
L000430,C001350,2020-10-01,Mortgage,396136.4,180,3.255,2784.49,Home purchase
L000431,C001998,2022-01-01,Mortgage,247106.39,240,2.903,1358.54,Home purchase
L000432,C001769,2023-06-01,Auto loan,23608.35,36,9.043,751.21,Vehicle purchase
L000433,C001007,2023-04-01,Personal loan,48069.47,36,4.656,1433.28,Home improvement
L000434,C001325,2022-04-01,Personal loan,28903.94,48,12.219,764.26,Debt consolidation
L000435,C001874,2020-06-01,Mortgage,207593.68,240,3.893,1246.32,Home purchase
L000436,C001869,2022-10-01,Auto loan,13716.59,48,5.748,320.55,Vehicle purchase
L000437,C001456,2022-08-01,Auto loan,48461.14,60,5.027,915.13,Vehicle purchase
L000438,C000455,2022-09-01,Auto loan,57554.75,60,5.125,1089.44,Vehicle purchase
L000439,C000689,2022-05-01,Credit card,10653.36,60,22.593,319.6,Revolving credit
L000440,C000784,2023-09-01,Credit card,14420.97,60,22.058,432.63,Revolving credit
L000441,C000522,2023-04-01,Auto loan,18957.25,72,6.516,318.81,Vehicle purchase
L000442,C001568,2023-01-01,Personal loan,18846.79,72,7.194,323.08,Major purchase
L000443,C000966,2022-06-01,Credit card,23679.04,60,16.522,710.37,Revolving credit
L000444,C000986,2022-02-01,Auto loan,13841.21,48,4.916,318.22,Vehicle purchase
L000445,C000579,2023-04-01,Mortgage,266996.37,180,5.592,2194.68,Home purchase
L000446,C000870,2022-04-01,Auto loan,22077.85,48,3.595,494.51,Vehicle purchase
L000447,C000573,2023-10-01,Personal loan,3203.29,72,6.386,53.67,Home improvement
L000448,C001346,2021-03-01,Auto loan,21800.89,72,8.722,389.98,Vehicle purchase
L000449,C001054,2022-11-01,Credit card,3427.17,60,13.951,102.82,Revolving credit
L000450,C000438,2022-12-01,Personal loan,51755.69,36,8.598,1636.14,Debt consolidation
L000451,C000523,2021-08-01,Credit card,5943.11,60,20.569,178.29,Revolving credit
L000452,C000208,2022-05-01,Credit card,12396.09,60,22.243,371.88,Revolving credit
L000453,C000774,2022-03-01,Personal loan,48997.4,48,13.81,1334.26,Debt consolidation
L000454,C001486,2023-08-01,Personal loan,37733.79,36,7.396,1171.96,Home improvement
L000455,C001333,2021-08-01,Credit card,3008.88,60,20.675,90.27,Revolving credit
L000456,C001189,2022-04-01,Personal loan,45833.03,60,10.648,988.5,Major purchase
L000457,C001809,2022-08-01,Credit card,13004.97,60,16.138,390.15,Revolving credit
L000458,C001827,2021-07-01,Mortgage,198872.49,240,2.026,1008.47,Home purchase
L000459,C001733,2022-07-01,Personal loan,53724.42,48,12.624,1431.3,Debt consolidation
L000460,C001266,2019-05-01,Mortgage,307622.32,180,2.897,2109.16,Home purchase
L000461,C001449,2021-07-01,Credit card,23387.04,60,20.14,701.61,Revolving credit
L000462,C000823,2023-08-01,Personal loan,27208.05,48,7.7,660.41,Education
L000463,C001584,2022-04-01,Credit card,19974.28,60,16.615,599.23,Revolving credit
L000464,C000937,2022-10-01,Auto loan,32728.28,48,4.531,746.78,Vehicle purchase
L000465,C000655,2022-07-01,Personal loan,49139.69,48,12.642,1309.57,Debt consolidation
L000466,C000535,2023-04-01,Personal loan,23617.94,24,4.827,1034.32,Home improvement
L000467,C000318,2023-04-01,Personal loan,28307.87,36,10.603,921.45,Home improvement
L000468,C001513,2022-10-01,Personal loan,40247.56,60,15.141,960.48,Home improvement
L000469,C001346,2022-01-01,Personal loan,5830.63,48,10.354,148.87,Home improvement
L000470,C000207,2019-03-01,Mortgage,237448.05,180,3.014,1641.35,Home purchase
L000471,C001768,2020-07-01,Mortgage,361363.82,240,4.06,2201.29,Home purchase
L000472,C001459,2020-04-01,Mortgage,100329.99,240,4.117,614.19,Home purchase
L000473,C001545,2021-09-01,Credit card,18517.19,60,14.168,555.52,Revolving credit
L000474,C001246,2022-12-01,Auto loan,55744.37,72,9.186,1009.98,Vehicle purchase
L000475,C000789,2022-09-01,Auto loan,45036.67,48,5.035,1037.88,Vehicle purchase
L000476,C001583,2022-05-01,Personal loan,5506.26,48,10.056,139.8,Home improvement
L000477,C001929,2021-02-01,Mortgage,295224.03,180,5.687,2441.69,Home purchase
L000478,C001476,2023-03-01,Personal loan,52767.97,60,7.823,1065.49,Major purchase
L000479,C000416,2022-04-01,Credit card,13978.02,60,13.883,419.34,Revolving credit
L000480,C000554,2022-07-01,Credit card,19379.68,60,14.82,581.39,Revolving credit
L000481,C000010,2022-10-01,Personal loan,38019.33,36,14.978,1317.55,Home improvement
L000482,C000628,2022-10-01,Personal loan,8169.12,36,4.864,244.34,Home improvement
L000483,C000020,2023-09-01,Credit card,5903.53,60,14.415,177.11,Revolving credit
L000484,C000768,2023-03-01,Personal loan,8844.64,60,11.132,192.89,Major purchase
L000485,C000325,2021-07-01,Mortgage,217270.89,240,5.638,1511.56,Home purchase
L000486,C000977,2022-11-01,Personal loan,14373.36,60,14.734,339.94,Debt consolidation
L000487,C000473,2023-10-01,Personal loan,53771.17,24,12.443,2542.34,Debt consolidation
L000488,C000040,2022-08-01,Mortgage,272227.7,240,2.932,1500.54,Home purchase
L000489,C000052,2023-08-01,Personal loan,47778.29,60,6.533,935.58,Home improvement
L000490,C001847,2023-09-01,Credit card,9940.81,60,19.973,298.22,Revolving credit
L000491,C000679,2022-10-01,Credit card,21917.85,60,14.952,657.54,Revolving credit
L000492,C001827,2022-08-01,Credit card,4484.67,60,17.436,134.54,Revolving credit
L000493,C000029,2023-05-01,Personal loan,7984.24,36,8.684,252.73,Home improvement
L000494,C001980,2023-10-01,Auto loan,58346.67,48,7.877,1421.05,Vehicle purchase
L000495,C001152,2022-12-01,Auto loan,12214.38,48,6.466,289.47,Vehicle purchase
L000496,C000256,2023-10-01,Personal loan,28821.81,36,9.335,921.02,Debt consolidation
L000497,C000166,2022-07-01,Personal loan,29516.72,48,12.471,784.13,Home improvement
L000498,C001814,2022-05-01,Personal loan,40704.38,48,10.664,1045.39,Home improvement
L000499,C000801,2023-09-01,Auto loan,37310.66,36,7.711,1164.21,Vehicle purchase
L000500,C000271,2021-04-01,Auto loan,42815.95,72,9.448,781.33,Vehicle purchase
L000501,C001113,2022-04-01,Credit card,22661.53,60,22.279,679.85,Revolving credit
L000502,C000367,2022-01-01,Personal loan,52676.98,60,13.788,1219.91,Debt consolidation
L000503,C001010,2023-09-01,Credit card,16468.17,60,13.873,494.05,Revolving credit
L000504,C001648,2021-07-01,Credit card,11154.04,60,13.312,334.62,Revolving credit
L000505,C001983,2022-07-01,Personal loan,10970.48,36,8.982,348.76,Debt consolidation
L000506,C000625,2023-03-01,Auto loan,38421.3,48,10.392,981.71,Vehicle purchase
L000507,C000557,2023-05-01,Personal loan,12859.02,36,11.284,422.72,Debt consolidation
L000508,C001478,2022-10-01,Auto loan,35439.1,72,10.188,659.91,Vehicle purchase
L000509,C001045,2023-04-01,Personal loan,45410.03,36,9.936,1463.88,Major purchase
L000510,C001172,2022-10-01,Personal loan,38221.11,36,10.575,1243.64,Debt consolidation
L000511,C001706,2023-03-01,Auto loan,30478.84,60,4.335,565.94,Vehicle purchase
L000512,C000428,2023-09-01,Credit card,6277.5,60,15.58,188.32,Revolving credit
L000513,C000804,2022-10-01,Personal loan,38829.83,48,15.473,1090.0,Debt consolidation
L000514,C000132,2022-02-01,Personal loan,16849.91,48,12.456,447.5,Major purchase
L000515,C000683,2023-05-01,Auto loan,13295.82,60,8.446,272.44,Vehicle purchase
L000516,C001671,2023-01-01,Personal loan,28538.2,60,14.644,673.61,Major purchase
L000517,C001038,2022-03-01,Credit card,6494.54,60,14.944,194.84,Revolving credit
L000518,C000485,2022-12-01,Credit card,20789.48,60,13.197,623.68,Revolving credit
L000519,C001139,2023-03-01,Credit card,14514.39,60,22.958,435.43,Revolving credit
L000520,C000313,2023-03-01,Personal loan,29164.95,36,8.773,924.36,Home improvement
L000521,C000195,2023-09-01,Mortgage,301599.01,300,4.328,1647.01,Home purchase
L000522,C000109,2023-03-01,Credit card,21028.22,60,19.644,630.85,Revolving credit
L000523,C000152,2021-10-01,Credit card,2196.99,60,13.384,65.91,Revolving credit
L000524,C000675,2022-06-01,Personal loan,10217.24,72,4.96,164.36,Home improvement
L000525,C001703,2023-06-01,Auto loan,59998.73,60,4.856,1128.29,Vehicle purchase
L000526,C001083,2022-08-01,Auto loan,41706.26,48,5.915,977.85,Vehicle purchase
L000527,C001855,2023-09-01,Credit card,7747.91,60,12.87,232.44,Revolving credit
L000528,C001055,2022-07-01,Credit card,16116.05,60,15.04,483.48,Revolving credit
L000529,C001450,2021-08-01,Credit card,5732.46,60,20.533,171.97,Revolving credit
L000530,C001326,2022-07-01,Auto loan,45969.04,48,8.701,1137.42,Vehicle purchase
L000531,C001393,2023-04-01,Personal loan,27848.74,48,13.685,756.62,Debt consolidation
L000532,C000409,2022-12-01,Personal loan,33504.76,60,12.611,755.68,Debt consolidation
L000533,C001777,2022-02-01,Auto loan,55352.35,60,8.803,1143.73,Vehicle purchase
L000534,C001717,2022-07-01,Personal loan,18977.22,48,14.824,526.45,Home improvement
L000535,C000677,2023-04-01,Auto loan,29123.55,72,5.286,472.9,Vehicle purchase
L000536,C001202,2022-11-01,Personal loan,21150.07,60,11.472,464.85,Debt consolidation
L000537,C001857,2022-09-01,Auto loan,59096.32,48,9.208,1476.45,Vehicle purchase
L000538,C001033,2021-11-01,Credit card,18488.66,60,20.785,554.66,Revolving credit
L000539,C001876,2022-12-01,Auto loan,53822.21,36,8.016,1686.98,Vehicle purchase
L000540,C001122,2022-12-01,Credit card,18737.28,60,23.81,562.12,Revolving credit
L000541,C000217,2023-10-01,Personal loan,45636.5,60,8.005,925.46,Home improvement
L000542,C000337,2018-10-01,Mortgage,186932.27,240,4.759,1208.94,Home purchase
L000543,C000827,2022-12-01,Auto loan,41238.41,60,8.35,843.08,Vehicle purchase
L000544,C001111,2023-04-01,Personal loan,21416.69,24,13.329,1021.5,Home improvement
L000545,C001839,2023-04-01,Personal loan,12337.02,48,8.122,301.89,Debt consolidation
L000546,C001531,2021-07-01,Personal loan,7515.53,60,6.948,148.63,Debt consolidation
L000547,C000816,2023-08-01,Personal loan,27503.74,48,4.57,628.04,Home improvement
L000548,C001875,2021-05-01,Auto loan,33110.73,72,5.697,544.02,Vehicle purchase
L000549,C000239,2023-02-01,Personal loan,49774.75,48,11.238,1292.21,Major purchase
L000550,C000207,2023-09-01,Personal loan,35461.62,48,8.383,872.12,Home improvement
L000551,C000773,2023-08-01,Auto loan,55575.24,48,8.155,1360.79,Vehicle purchase
L000552,C000117,2022-09-01,Credit card,5151.64,60,15.355,154.55,Revolving credit
L000553,C000506,2023-05-01,Auto loan,24738.55,60,6.686,486.19,Vehicle purchase
L000554,C001858,2022-07-01,Personal loan,12061.77,36,9.154,384.43,Debt consolidation
L000555,C001480,2023-07-01,Credit card,6537.39,60,17.768,196.12,Revolving credit
L000556,C000347,2023-01-01,Credit card,21587.45,60,20.689,647.62,Revolving credit
L000557,C001132,2023-02-01,Personal loan,45457.98,60,7.46,910.02,Home improvement
L000558,C001497,2023-03-01,Personal loan,28672.95,24,4.816,1255.56,Debt consolidation
L000559,C000179,2023-06-01,Auto loan,41651.47,60,6.292,810.9,Vehicle purchase
L000560,C001735,2022-07-01,Personal loan,15905.88,48,6.614,378.05,Home improvement
L000561,C001099,2022-11-01,Credit card,9119.5,60,14.523,273.59,Revolving credit
L000562,C000825,2018-06-01,Mortgage,342091.23,300,3.76,1760.58,Home purchase
L000563,C001603,2021-11-01,Credit card,13177.99,60,16.462,395.34,Revolving credit
L000564,C001706,2023-09-01,Personal loan,24911.14,48,10.871,642.28,Home improvement
L000565,C001669,2022-12-01,Credit card,9515.97,60,22.562,285.48,Revolving credit
L000566,C000770,2022-10-01,Personal loan,16561.55,48,4.881,380.51,Home improvement
L000567,C001848,2022-10-01,Auto loan,56275.01,60,8.747,1161.27,Vehicle purchase
L000568,C001673,2022-11-01,Auto loan,13519.56,60,4.839,254.13,Vehicle purchase
L000569,C000751,2023-03-01,Personal loan,21072.32,48,4.927,484.59,Home improvement
L000570,C000443,2023-03-01,Auto loan,13795.27,60,9.494,289.69,Vehicle purchase
L000571,C001591,2022-09-01,Personal loan,43982.07,36,4.142,1301.31,Home improvement
L000572,C001604,2022-06-01,Credit card,8365.29,60,21.236,250.96,Revolving credit
L000573,C000890,2022-06-01,Mortgage,146787.86,180,2.672,990.7,Home purchase
L000574,C001561,2022-09-01,Personal loan,44277.76,36,12.551,1482.33,Major purchase
L000575,C000995,2021-08-01,Auto loan,37622.27,60,6.334,733.19,Vehicle purchase
L000576,C001692,2023-02-01,Mortgage,309927.81,240,2.599,1657.38,Home purchase
L000577,C000322,2023-04-01,Credit card,19493.71,60,12.842,584.81,Revolving credit
L000578,C001245,2023-05-01,Credit card,13156.6,60,19.911,394.7,Revolving credit
L000579,C000042,2022-01-01,Personal loan,53813.24,48,4.581,1229.1,Home improvement
L000580,C000441,2022-08-01,Auto loan,17230.92,48,5.704,402.33,Vehicle purchase
L000581,C001403,2022-06-01,Personal loan,44924.38,60,6.944,888.38,Debt consolidation
L000582,C001631,2023-08-01,Personal loan,17770.02,60,7.447,355.63,Debt consolidation
L000583,C000694,2018-11-01,Mortgage,389753.83,180,2.283,2559.25,Home purchase
L000584,C000348,2022-11-01,Credit card,9745.07,60,17.219,292.35,Revolving credit
L000585,C001343,2021-07-01,Auto loan,46547.03,60,9.147,969.56,Vehicle purchase
L000586,C001215,2022-07-01,Personal loan,47327.77,60,12.736,1070.47,Debt consolidation
L000587,C000140,2022-11-01,Auto loan,39878.89,36,5.883,1211.08,Vehicle purchase
L000588,C000854,2021-10-01,Credit card,16325.8,60,20.95,489.77,Revolving credit
L000589,C000632,2022-05-01,Credit card,2675.2,60,16.865,80.26,Revolving credit
L000590,C002019,2023-10-01,Credit card,23895.41,60,17.497,716.86,Revolving credit
L000591,C000880,2023-05-01,Credit card,14080.92,60,23.256,422.43,Revolving credit
L000592,C001815,2022-06-01,Personal loan,3907.51,60,6.638,76.71,Major purchase
L000593,C000011,2023-04-01,Personal loan,37286.33,48,13.505,1009.67,Major purchase
L000594,C001846,2022-12-01,Personal loan,15687.41,48,12.564,417.47,Home improvement
L000595,C000988,2022-09-01,Auto loan,11654.15,48,10.267,297.08,Vehicle purchase
L000596,C000388,2022-12-01,Personal loan,33669.44,36,13.902,1149.13,Debt consolidation
L000597,C000134,2021-07-01,Credit card,13344.97,60,15.987,400.35,Revolving credit
L000598,C001913,2023-09-01,Auto loan,9688.79,36,9.889,312.13,Vehicle purchase
L000599,C001807,2020-10-01,Mortgage,325455.53,240,4.714,2096.75,Home purchase
L000600,C000133,2022-04-01,Credit card,8078.48,60,14.902,242.35,Revolving credit
L000601,C000898,2023-02-01,Personal loan,13458.65,24,7.467,605.43,Education
L000602,C000278,2022-03-01,Personal loan,53256.7,48,4.494,1214.29,Major purchase
L000603,C001158,2022-04-01,Personal loan,12434.95,48,11.333,323.4,Major purchase
L000604,C001716,2019-09-01,Mortgage,221486.39,240,5.775,1558.18,Home purchase
L000605,C001927,2022-01-01,Credit card,13742.57,60,15.769,412.28,Revolving credit
L000606,C001669,2022-01-01,Personal loan,38910.21,48,6.413,921.2,Debt consolidation
L000607,C000993,2022-11-01,Credit card,21304.07,60,17.88,639.12,Revolving credit
L000608,C000915,2023-09-01,Auto loan,14588.29,60,6.918,288.3,Vehicle purchase
L000609,C000293,2021-08-01,Credit card,23725.84,60,21.417,711.78,Revolving credit
L000610,C001819,2023-08-01,Personal loan,25768.37,24,9.941,1188.38,Major purchase
L000611,C001934,2022-08-01,Auto loan,18273.27,48,8.68,451.96,Vehicle purchase
L000612,C001489,2022-11-01,Personal loan,41745.23,48,9.341,1045.6,Major purchase
L000613,C000599,2023-04-01,Mortgage,200020.15,240,4.419,1256.67,Home purchase
L000614,C000422,2021-09-01,Auto loan,25677.74,60,9.72,542.05,Vehicle purchase
L000615,C000152,2021-07-01,Credit card,3326.26,60,17.216,99.79,Revolving credit
L000616,C000859,2023-03-01,Mortgage,374331.33,180,3.536,2682.59,Home purchase
L000617,C001019,2021-09-01,Mortgage,192238.45,240,3.176,1083.21,Home purchase
L000618,C001001,2023-09-01,Personal loan,53521.58,48,7.291,1288.88,Debt consolidation
L000619,C001928,2018-02-01,Mortgage,400034.31,240,3.41,2301.52,Home purchase
L000620,C001104,2019-10-01,Mortgage,335170.32,300,3.656,1706.1,Home purchase
L000621,C001548,2022-07-01,Credit card,12179.25,60,20.889,365.38,Revolving credit
L000622,C001412,2021-07-01,Auto loan,23792.79,60,6.44,464.87,Vehicle purchase
L000623,C000635,2023-05-01,Personal loan,32739.39,36,13.108,1104.83,Major purchase
L000624,C001027,2019-11-01,Mortgage,125807.77,240,2.898,691.34,Home purchase
L000625,C000980,2023-10-01,Personal loan,42822.78,24,6.74,1912.25,Debt consolidation
L000626,C000038,2022-08-01,Personal loan,26232.41,60,10.451,563.2,Debt consolidation
L000627,C000606,2022-09-01,Auto loan,51069.08,36,6.25,1559.41,Vehicle purchase
L000628,C001221,2021-08-01,Credit card,3111.86,60,20.253,93.36,Revolving credit
L000629,C001481,2022-02-01,Credit card,5896.05,60,19.317,176.88,Revolving credit
L000630,C000829,2022-10-01,Personal loan,47300.37,36,4.494,1406.92,Debt consolidation
L000631,C001164,2023-08-01,Auto loan,44376.99,48,3.789,997.81,Vehicle purchase
L000632,C001538,2022-06-01,Credit card,23664.12,60,23.57,709.92,Revolving credit
L000633,C000011,2021-07-01,Credit card,9288.39,60,19.515,278.65,Revolving credit
L000634,C000008,2022-10-01,Credit card,13595.07,60,13.41,407.85,Revolving credit
L000635,C000247,2023-09-01,Personal loan,23252.23,24,8.942,1061.66,Home improvement
L000636,C000434,2020-07-01,Mortgage,328693.09,300,2.336,1447.64,Home purchase
L000637,C001928,2019-03-01,Mortgage,166775.88,300,5.437,1017.86,Home purchase
L000638,C000867,2023-10-01,Auto loan,39328.48,48,8.621,971.62,Vehicle purchase
L000639,C001901,2022-01-01,Auto loan,41676.88,48,4.433,949.13,Vehicle purchase
L000640,C000387,2021-03-01,Personal loan,20670.54,72,11.753,401.47,Major purchase
L000641,C001047,2022-05-01,Auto loan,12497.35,60,9.037,259.65,Vehicle purchase
L000642,C000024,2023-06-01,Auto loan,18534.84,72,9.773,341.26,Vehicle purchase
L000643,C001451,2021-08-01,Personal loan,46926.64,60,10.461,1007.73,Home improvement
L000644,C000557,2023-10-01,Personal loan,50738.01,24,14.471,2447.39,Home improvement
L000645,C001027,2023-03-01,Credit card,19909.84,60,21.487,597.3,Revolving credit
L000646,C000951,2022-03-01,Credit card,10645.66,60,15.429,319.37,Revolving credit
L000647,C001460,2022-09-01,Auto loan,10015.36,48,3.392,223.42,Vehicle purchase
L000648,C001007,2023-10-01,Auto loan,40311.5,36,5.531,1217.81,Vehicle purchase
L000649,C000434,2022-08-01,Personal loan,4442.05,48,10.574,113.89,Education
L000650,C001184,2023-07-01,Personal loan,32764.17,36,5.265,985.88,Home improvement
L000651,C001135,2021-08-01,Mortgage,267236.11,240,5.534,1843.38,Home purchase
L000652,C000021,2023-09-01,Credit card,6820.68,60,16.814,204.62,Revolving credit
L000653,C000007,2023-06-01,Personal loan,29871.42,36,11.545,985.68,Debt consolidation
L000654,C001254,2022-03-01,Personal loan,15847.47,48,8.745,392.45,Home improvement
L000655,C001764,2023-09-01,Credit card,8372.72,60,18.872,251.18,Revolving credit
L000656,C000285,2022-05-01,Credit card,5288.33,60,22.01,158.65,Revolving credit
L000657,C000642,2021-10-01,Credit card,21342.12,60,18.373,640.26,Revolving credit
L000658,C000556,2022-05-01,Auto loan,55771.02,48,7.01,1335.77,Vehicle purchase
L000659,C000124,2022-08-01,Personal loan,16205.86,60,9.768,342.48,Major purchase
L000660,C001842,2023-05-01,Mortgage,107005.81,300,5.611,664.23,Home purchase
L000661,C001494,2021-06-01,Auto loan,29636.04,72,7.397,510.94,Vehicle purchase
L000662,C000087,2022-04-01,Personal loan,13690.89,60,10.389,293.52,Major purchase
L000663,C001759,2022-07-01,Credit card,8114.1,60,14.946,243.42,Revolving credit
L000664,C000280,2021-10-01,Auto loan,31490.2,72,7.494,544.37,Vehicle purchase
L000665,C000288,2021-12-01,Personal loan,16711.9,60,9.188,348.44,Debt consolidation
L000666,C001343,2023-06-01,Auto loan,45794.66,60,3.687,836.92,Vehicle purchase
L000667,C001504,2023-02-01,Mortgage,148496.59,240,4.495,939.07,Home purchase
L000668,C001425,2022-08-01,Auto loan,38693.75,48,5.886,906.7,Vehicle purchase
L000669,C001706,2022-07-01,Personal loan,30539.84,48,8.762,756.54,Debt consolidation
L000670,C000392,2023-03-01,Personal loan,18882.14,24,12.807,895.98,Home improvement
L000671,C001821,2023-05-01,Auto loan,41185.16,48,6.201,971.04,Vehicle purchase
L000672,C001252,2022-07-01,Personal loan,51044.41,60,7.052,1011.99,Debt consolidation
L000673,C000799,2023-02-01,Auto loan,30616.87,60,5.548,585.5,Vehicle purchase
L000674,C000997,2020-05-01,Mortgage,252402.36,180,2.039,1628.81,Home purchase
L000675,C000226,2022-12-01,Auto loan,45739.7,60,4.079,843.99,Vehicle purchase
L000676,C001186,2022-02-01,Mortgage,322708.01,240,5.652,2247.67,Home purchase
L000677,C001626,2023-10-01,Auto loan,33636.96,48,8.868,834.95,Vehicle purchase
L000678,C000421,2023-10-01,Credit card,6685.8,60,23.415,200.57,Revolving credit
L000679,C000097,2021-11-01,Auto loan,20164.94,60,3.935,370.78,Vehicle purchase
L000680,C000295,2023-08-01,Credit card,23648.42,60,15.146,709.45,Revolving credit
L000681,C000517,2023-05-01,Personal loan,5817.31,36,13.521,197.47,Education
L000682,C001312,2022-10-01,Auto loan,46255.64,36,9.136,1473.85,Vehicle purchase
L000683,C000228,2022-12-01,Auto loan,46747.29,48,6.379,1105.99,Vehicle purchase
L000684,C000467,2023-03-01,Auto loan,30829.3,60,4.815,579.18,Vehicle purchase
L000685,C000050,2022-06-01,Credit card,21568.28,60,15.233,647.05,Revolving credit
L000686,C001549,2022-02-01,Auto loan,32509.83,60,10.028,691.19,Vehicle purchase
L000687,C001675,2022-11-01,Personal loan,9195.41,48,15.716,259.27,Debt consolidation
L000688,C000519,2021-07-01,Auto loan,27214.66,60,7.453,544.71,Vehicle purchase
L000689,C001303,2023-03-01,Credit card,15127.44,60,22.467,453.82,Revolving credit
L000690,C000358,2021-10-01,Credit card,18750.02,60,19.196,562.5,Revolving credit
L000691,C001945,2021-12-01,Mortgage,176400.81,240,2.068,898.05,Home purchase
L000692,C001370,2022-07-01,Credit card,2437.67,60,13.254,73.13,Revolving credit
L000693,C000366,2023-06-01,Credit card,17031.35,60,13.377,510.94,Revolving credit
L000694,C001072,2022-10-01,Mortgage,346478.66,180,4.506,2651.61,Home purchase
L000695,C000297,2021-08-01,Credit card,13775.37,60,12.997,413.26,Revolving credit
L000696,C001238,2021-11-01,Credit card,18814.8,60,22.356,564.44,Revolving credit
L000697,C000059,2021-09-01,Credit card,2398.58,60,18.371,71.96,Revolving credit
L000698,C000172,2023-01-01,Credit card,7890.96,60,14.696,236.73,Revolving credit
L000699,C000907,2022-04-01,Personal loan,36361.78,60,11.756,804.37,Major purchase
L000700,C001713,2023-01-01,Personal loan,10129.03,60,5.897,195.34,Education
L000701,C001421,2023-05-01,Credit card,21006.9,60,17.021,630.21,Revolving credit
L000702,C001315,2021-07-01,Credit card,20639.17,60,16.932,619.18,Revolving credit
L000703,C001710,2019-05-01,Mortgage,210034.25,240,5.287,1419.63,Home purchase
L000704,C000396,2023-03-01,Personal loan,17841.3,48,8.075,436.19,Home improvement
L000705,C000412,2023-06-01,Credit card,9737.61,60,18.523,292.13,Revolving credit
L000706,C000534,2023-02-01,Auto loan,53892.05,36,10.472,1750.91,Vehicle purchase
L000707,C001492,2022-05-01,Auto loan,58419.14,48,5.034,1346.26,Vehicle purchase
L000708,C000820,2022-06-01,Credit card,8870.43,60,23.494,266.11,Revolving credit
L000709,C000577,2022-06-01,Auto loan,34112.78,60,7.322,680.66,Vehicle purchase
L000710,C001561,2022-03-01,Credit card,5911.16,60,20.073,177.33,Revolving credit
L000711,C000569,2023-02-01,Personal loan,31021.37,36,6.053,944.48,Debt consolidation
L000712,C001411,2023-06-01,Mortgage,301303.74,240,4.044,1832.85,Home purchase
L000713,C000331,2023-10-01,Auto loan,10417.0,48,5.362,241.61,Vehicle purchase
L000714,C001863,2023-01-01,Personal loan,21967.22,36,5.127,659.63,Major purchase
L000715,C001749,2019-04-01,Mortgage,373442.14,240,5.354,2538.11,Home purchase
L000716,C000400,2023-03-01,Personal loan,48369.1,36,10.505,1572.24,Debt consolidation
L000717,C001921,2023-04-01,Auto loan,50649.95,60,7.904,1024.67,Vehicle purchase
L000718,C000532,2023-05-01,Personal loan,9663.73,60,9.812,204.43,Debt consolidation
L000719,C000676,2021-11-01,Mortgage,308970.03,240,5.309,2092.18,Home purchase
L000720,C001623,2023-01-01,Auto loan,37314.2,60,6.89,736.93,Vehicle purchase
L000721,C001011,2022-08-01,Credit card,13065.31,60,19.272,391.96,Revolving credit
L000722,C001002,2022-02-01,Auto loan,18415.89,48,4.155,417.09,Vehicle purchase
L000723,C001943,2022-08-01,Credit card,8375.85,60,21.006,251.28,Revolving credit
L000724,C001780,2022-02-01,Personal loan,24541.78,72,14.303,509.69,Major purchase
L000725,C000265,2022-12-01,Personal loan,32134.31,60,6.04,621.85,Education
L000726,C000564,2022-04-01,Credit card,6327.45,60,22.934,189.82,Revolving credit
L000727,C001961,2021-09-01,Credit card,15896.58,60,21.735,476.9,Revolving credit
L000728,C001047,2022-12-01,Personal loan,45483.86,60,11.035,989.71,Debt consolidation
L000729,C000176,2021-12-01,Credit card,10745.85,60,13.619,322.38,Revolving credit
L000730,C000642,2021-11-01,Auto loan,34639.85,60,7.88,700.39,Vehicle purchase
L000731,C000813,2018-11-01,Mortgage,403701.49,240,3.627,2367.64,Home purchase
L000732,C001049,2022-01-01,Personal loan,52036.39,48,15.146,1452.06,Debt consolidation
L000733,C000533,2021-07-01,Credit card,20325.49,60,16.317,609.76,Revolving credit
L000734,C000378,2023-05-01,Personal loan,27456.24,48,11.429,715.35,Major purchase
L000735,C000145,2021-12-01,Credit card,7812.41,60,16.995,234.37,Revolving credit
L000736,C000370,2021-10-01,Credit card,18515.37,60,14.441,555.46,Revolving credit
L000737,C000207,2022-11-01,Personal loan,21109.77,36,14.977,731.54,Major purchase
L000738,C000848,2021-03-01,Personal loan,3547.04,72,12.959,71.13,Major purchase
L000739,C001890,2023-08-01,Auto loan,23205.56,60,8.669,477.99,Vehicle purchase
L000740,C000839,2022-10-01,Auto loan,44519.51,48,8.828,1104.23,Vehicle purchase
L000741,C000157,2022-12-01,Credit card,3399.93,60,19.399,102.0,Revolving credit
L000742,C000232,2021-09-01,Credit card,12171.05,60,20.947,365.13,Revolving credit
L000743,C001491,2022-07-01,Auto loan,56275.74,48,10.005,1427.43,Vehicle purchase
L000744,C000669,2022-08-01,Auto loan,40571.94,60,7.172,806.67,Vehicle purchase
L000745,C000152,2022-03-01,Credit card,23685.21,60,20.405,710.56,Revolving credit
L000746,C000750,2021-03-01,Mortgage,400753.51,180,4.427,3050.9,Home purchase
L000747,C001930,2022-05-01,Auto loan,31296.7,48,5.023,721.07,Vehicle purchase
L000748,C000555,2022-02-01,Auto loan,61513.76,60,4.461,1145.72,Vehicle purchase
L000749,C000349,2022-12-01,Credit card,16661.53,60,22.842,499.85,Revolving credit
L000750,C000532,2022-09-01,Auto loan,26127.67,60,3.389,474.01,Vehicle purchase
L000751,C000727,2023-06-01,Credit card,6901.53,60,15.185,207.05,Revolving credit
L000752,C000795,2023-01-01,Credit card,21919.9,60,19.898,657.6,Revolving credit
L000753,C002044,2022-06-01,Personal loan,17402.99,48,4.399,396.06,Major purchase
L000754,C000202,2022-12-01,Credit card,3080.59,60,18.654,92.42,Revolving credit
L000755,C000105,2023-10-01,Auto loan,26936.18,36,3.287,786.75,Vehicle purchase
L000756,C001723,2023-02-01,Credit card,12820.09,60,23.515,384.6,Revolving credit
L000757,C001749,2023-01-01,Credit card,20261.67,60,21.458,607.85,Revolving credit
L000758,C001820,2023-03-01,Credit card,18362.57,60,17.156,550.88,Revolving credit
L000759,C001763,2020-02-01,Mortgage,150337.28,180,5.499,1228.34,Home purchase
L000760,C001283,2023-10-01,Personal loan,53108.77,36,7.42,1650.05,Debt consolidation
L000761,C001750,2022-09-01,Personal loan,6953.83,48,10.932,179.5,Debt consolidation
L000762,C000382,2023-03-01,Credit card,8556.86,60,23.638,256.71,Revolving credit
L000763,C001434,2022-03-01,Credit card,19737.26,60,18.268,592.12,Revolving credit
L000764,C000478,2021-09-01,Personal loan,44589.03,60,6.987,882.65,Home improvement
L000765,C001389,2023-03-01,Credit card,12504.38,60,18.01,375.13,Revolving credit
L000766,C001865,2021-09-01,Credit card,10436.74,60,21.789,313.1,Revolving credit
L000767,C001530,2023-03-01,Credit card,21150.41,60,18.632,634.51,Revolving credit
L000768,C000117,2022-08-01,Mortgage,200198.39,180,2.947,1377.4,Home purchase
L000769,C001322,2023-05-01,Auto loan,12559.33,48,5.411,291.58,Vehicle purchase
L000770,C000423,2023-03-01,Mortgage,156244.24,180,5.551,1280.87,Home purchase
L000771,C000798,2018-01-01,Mortgage,214738.91,300,3.055,1024.48,Home purchase
L000772,C000492,2022-05-01,Credit card,22156.99,60,18.489,664.71,Revolving credit
L000773,C000600,2021-07-01,Auto loan,50698.76,72,6.595,854.54,Vehicle purchase
L000774,C001013,2018-07-01,Mortgage,369801.69,240,4.077,2255.93,Home purchase
L000775,C001491,2022-03-01,Auto loan,32515.59,48,6.118,765.39,Vehicle purchase
L000776,C000649,2023-05-01,Personal loan,23062.18,24,11.33,1078.41,Major purchase
L000777,C001812,2022-05-01,Personal loan,44680.43,48,5.069,1030.35,Major purchase
L000778,C000030,2021-12-01,Credit card,17660.48,60,21.219,529.81,Revolving credit
L000779,C001955,2022-08-01,Personal loan,30121.83,60,15.158,719.09,Home improvement
L000780,C001702,2023-07-01,Credit card,3426.17,60,13.965,102.79,Revolving credit
L000781,C000751,2023-03-01,Credit card,22775.48,60,23.18,683.26,Revolving credit
L000782,C001183,2018-10-01,Mortgage,330639.74,180,2.138,2148.75,Home purchase
L000783,C000788,2022-06-01,Credit card,20235.29,60,18.533,607.06,Revolving credit
L000784,C000507,2022-09-01,Credit card,5561.43,60,18.607,166.84,Revolving credit
L000785,C001522,2020-05-01,Mortgage,208716.21,240,4.939,1370.37,Home purchase
L000786,C001811,2023-10-01,Credit card,16496.68,60,16.533,494.9,Revolving credit
L000787,C000265,2023-04-01,Personal loan,31110.14,48,7.839,757.14,Debt consolidation
L000788,C000611,2023-08-01,Personal loan,4106.57,36,5.347,123.72,Major purchase
L000789,C001664,2021-10-01,Credit card,13505.93,60,13.855,405.18,Revolving credit
L000790,C001567,2020-11-01,Mortgage,124033.06,240,1.867,619.66,Home purchase
L000791,C001233,2022-10-01,Personal loan,36317.52,48,5.535,845.2,Debt consolidation
L000792,C001261,2021-11-01,Credit card,9304.74,60,19.9,279.14,Revolving credit
L000793,C000892,2023-01-01,Credit card,12719.25,60,22.427,381.58,Revolving credit
L000794,C001216,2019-06-01,Mortgage,312061.93,240,4.388,1955.38,Home purchase
L000795,C000143,2021-08-01,Personal loan,14009.38,72,12.379,276.65,Home improvement
L000796,C001543,2023-08-01,Personal loan,25751.57,48,9.923,652.18,Debt consolidation
L000797,C001205,2023-07-01,Credit card,4388.8,60,14.559,131.66,Revolving credit
L000798,C001675,2023-07-01,Credit card,5376.22,60,17.507,161.29,Revolving credit
L000799,C001649,2021-07-01,Credit card,11953.42,60,14.463,358.6,Revolving credit
L000800,C001266,2022-02-01,Credit card,10004.92,60,18.831,300.15,Revolving credit
L000801,C000949,2022-09-01,Auto loan,13746.23,48,6.821,328.03,Vehicle purchase
L000802,C001710,2023-02-01,Personal loan,47104.54,36,5.237,1416.77,Home improvement
L000803,C000588,2023-01-01,Credit card,19414.15,60,20.919,582.42,Revolving credit
L000804,C000898,2018-06-01,Mortgage,360785.38,240,2.817,1968.05,Home purchase
L000805,C001010,2023-01-01,Credit card,22479.97,60,20.89,674.4,Revolving credit
L000806,C001072,2023-07-01,Auto loan,56357.98,36,4.444,1675.06,Vehicle purchase
L000807,C001579,2023-08-01,Personal loan,13267.77,60,9.077,275.91,Home improvement
L000808,C001412,2022-02-01,Personal loan,3462.48,60,7.223,68.93,Home improvement
L000809,C001647,2018-03-01,Mortgage,258578.3,180,5.419,2101.7,Home purchase
L000810,C001257,2023-07-01,Personal loan,37525.87,60,6.5,734.24,Debt consolidation
L000811,C001014,2022-08-01,Personal loan,48676.9,36,9.276,1554.18,Major purchase
L000812,C001200,2021-10-01,Auto loan,37483.7,60,8.357,766.45,Vehicle purchase
L000813,C000795,2022-07-01,Auto loan,19666.46,60,7.852,397.37,Vehicle purchase
L000814,C001799,2023-04-01,Credit card,6603.22,60,14.629,198.1,Revolving credit
L000815,C000061,2022-10-01,Personal loan,18725.17,72,10.544,352.06,Debt consolidation
L000816,C000393,2022-05-01,Credit card,4318.8,60,17.092,129.56,Revolving credit
L000817,C000489,2019-12-01,Mortgage,167176.5,240,4.572,1064.19,Home purchase
L000818,C001983,2023-02-01,Credit card,4073.44,60,18.025,122.2,Revolving credit
L000819,C000051,2022-10-01,Credit card,20612.7,60,15.187,618.38,Revolving credit
L000820,C000588,2022-12-01,Personal loan,52499.18,48,11.14,1360.45,Home improvement
L000821,C001704,2022-07-01,Personal loan,6137.97,36,4.913,183.72,Major purchase
L000822,C001957,2022-06-01,Credit card,6046.58,60,23.399,181.4,Revolving credit
L000823,C001716,2021-09-01,Credit card,18781.6,60,18.852,563.45,Revolving credit
L000824,C000926,2022-08-01,Credit card,6311.22,60,18.49,189.34,Revolving credit
L000825,C000636,2022-10-01,Personal loan,5706.55,60,12.719,129.02,Debt consolidation
L000826,C001337,2018-03-01,Mortgage,240887.29,240,3.937,1451.75,Home purchase
L000827,C000481,2021-08-01,Mortgage,400267.64,180,4.939,3152.52,Home purchase
L000828,C001344,2022-01-01,Personal loan,8830.95,60,14.071,205.81,Home improvement
L000829,C001646,2023-09-01,Auto loan,28133.4,48,7.186,676.12,Vehicle purchase
L000830,C001105,2022-06-01,Auto loan,20484.31,60,7.57,411.15,Vehicle purchase
L000831,C001378,2023-10-01,Credit card,13872.58,60,16.614,416.18,Revolving credit
L000832,C000223,2023-08-01,Auto loan,15125.19,60,3.893,277.83,Vehicle purchase
L000833,C001536,2023-08-01,Auto loan,39776.39,48,4.043,898.89,Vehicle purchase
L000834,C000856,2021-10-01,Personal loan,3371.0,72,5.963,55.81,Home improvement
L000835,C001132,2023-07-01,Personal loan,23089.12,60,6.675,453.66,Home improvement
L000836,C001906,2019-12-01,Mortgage,176265.82,240,2.241,911.92,Home purchase
L000837,C001467,2022-09-01,Personal loan,24694.18,36,11.058,809.13,Home improvement
L000838,C000116,2021-04-01,Personal loan,12657.43,72,10.222,235.91,Major purchase
L000839,C000687,2022-12-01,Mortgage,214058.05,240,3.575,1249.74,Home purchase
L000840,C001381,2022-07-01,Personal loan,9682.26,48,12.051,255.21,Education
L000841,C000500,2021-01-01,Personal loan,27158.67,72,11.368,522.08,Education
L000842,C001022,2023-02-01,Personal loan,53481.83,48,15.294,1496.42,Home improvement
L000843,C001277,2023-01-01,Mortgage,383221.77,300,3.558,1930.52,Home purchase
L000844,C001081,2023-06-01,Personal loan,49350.47,24,8.836,2250.86,Debt consolidation
L000845,C000021,2022-07-01,Personal loan,3386.87,36,15.57,118.35,Home improvement
L000846,C000845,2023-04-01,Auto loan,10948.86,36,4.118,323.83,Vehicle purchase
L000847,C000360,2022-12-01,Credit card,2651.5,60,15.286,79.54,Revolving credit
L000848,C000051,2022-12-01,Personal loan,32626.29,60,14.055,760.08,Education
L000849,C001793,2023-08-01,Credit card,23103.88,60,22.211,693.12,Revolving credit
L000850,C000501,2022-09-01,Personal loan,54925.43,48,7.441,1326.53,Debt consolidation
L000851,C000325,2023-03-01,Credit card,13246.69,60,17.064,397.4,Revolving credit
L000852,C001385,2022-09-01,Credit card,7237.45,60,22.981,217.12,Revolving credit
L000853,C001740,2022-05-01,Personal loan,12792.89,72,5.163,207.0,Debt consolidation
L000854,C001180,2023-07-01,Personal loan,38933.58,36,15.569,1360.51,Education
L000855,C000431,2022-01-01,Auto loan,9629.73,60,7.57,193.28,Vehicle purchase
L000856,C001316,2021-09-01,Credit card,10266.3,60,13.771,307.99,Revolving credit
L000857,C001140,2023-03-01,Credit card,12745.98,60,22.051,382.38,Revolving credit
L000858,C001921,2022-11-01,Personal loan,42470.94,48,5.107,980.13,Debt consolidation
L000859,C001041,2022-08-01,Mortgage,353427.9,180,1.874,2253.92,Home purchase
L000860,C001101,2022-04-01,Credit card,18230.54,60,16.587,546.92,Revolving credit
L000861,C000628,2023-06-01,Credit card,13674.03,60,17.595,410.22,Revolving credit
L000862,C000705,2023-02-01,Personal loan,25153.08,60,5.067,475.44,Debt consolidation
L000863,C000107,2022-02-01,Credit card,13720.3,60,20.887,411.61,Revolving credit
L000864,C000615,2022-05-01,Mortgage,362045.98,240,4.13,2218.86,Home purchase
L000865,C000989,2020-02-01,Mortgage,155247.52,240,3.793,923.96,Home purchase
L000866,C001757,2023-08-01,Personal loan,12092.88,48,5.37,280.52,Education
L000867,C002015,2023-01-01,Personal loan,28483.89,36,14.717,983.46,Home improvement
L000868,C001866,2022-12-01,Personal loan,39863.27,36,8.04,1249.91,Education
L000869,C001471,2021-09-01,Auto loan,48177.14,60,6.809,949.63,Vehicle purchase
L000870,C001427,2023-07-01,Credit card,6895.59,60,20.727,206.87,Revolving credit
L000871,C000425,2023-10-01,Personal loan,49183.61,24,11.736,2309.19,Home improvement
L000872,C001143,2022-09-01,Mortgage,365492.79,300,4.646,2061.91,Home purchase
L000873,C000697,2020-05-01,Mortgage,276257.67,300,3.895,1442.2,Home purchase
L000874,C001247,2022-11-01,Personal loan,46210.25,36,9.664,1483.81,Education
L000875,C000695,2023-05-01,Personal loan,52392.82,36,13.626,1781.16,Major purchase
L000876,C000857,2023-08-01,Credit card,10192.28,60,19.62,305.77,Revolving credit
L000877,C001010,2022-02-01,Credit card,6341.53,60,19.773,190.25,Revolving credit
L000878,C000915,2022-10-01,Auto loan,32605.53,60,7.396,651.75,Vehicle purchase
L000879,C000953,2021-08-01,Mortgage,199620.57,300,3.875,1039.96,Home purchase
L000880,C000734,2022-12-01,Credit card,18412.7,60,18.399,552.38,Revolving credit
L000881,C000680,2023-02-01,Mortgage,262519.69,240,2.677,1413.81,Home purchase
L000882,C000962,2022-07-01,Personal loan,4732.68,60,8.5,97.1,Debt consolidation
L000883,C000428,2021-03-01,Mortgage,286841.86,240,2.681,1545.39,Home purchase
L000884,C000234,2023-07-01,Personal loan,28630.52,24,9.505,1314.62,Major purchase
L000885,C000562,2018-04-01,Mortgage,386250.75,240,5.478,2652.21,Home purchase
L000886,C001108,2022-09-01,Credit card,17241.0,60,13.948,517.23,Revolving credit
L000887,C001316,2023-10-01,Personal loan,25079.18,48,5.586,584.24,Major purchase
L000888,C001807,2022-08-01,Credit card,4632.24,60,12.776,138.97,Revolving credit
L000889,C000960,2022-04-01,Personal loan,53715.79,48,14.861,1491.16,Debt consolidation
L000890,C001078,2023-05-01,Personal loan,25642.64,72,9.271,465.68,Education
L000891,C001289,2022-11-01,Personal loan,51180.45,60,14.669,1208.72,Education
L000892,C000714,2022-03-01,Personal loan,40925.95,60,13.427,940.16,Debt consolidation
L000893,C000214,2021-08-01,Credit card,12532.61,60,19.008,375.98,Revolving credit
L000894,C001055,2023-04-01,Personal loan,5549.24,24,7.467,249.63,Home improvement
L000895,C000865,2023-10-01,Personal loan,53324.02,60,8.142,1084.84,Debt consolidation
L000896,C001296,2022-06-01,Credit card,3331.41,60,23.515,99.94,Revolving credit
L000897,C000460,2022-01-01,Personal loan,49407.47,60,8.532,1014.43,Home improvement
L000898,C000093,2023-06-01,Personal loan,8660.17,72,9.182,156.89,Major purchase
L000899,C001971,2019-09-01,Mortgage,252362.69,300,4.687,1429.62,Home purchase
L000900,C001014,2022-10-01,Personal loan,26845.46,48,5.914,629.4,Home improvement
L000901,C001718,2023-02-01,Personal loan,42576.16,60,11.162,929.15,Major purchase
L000902,C000276,2022-06-01,Mortgage,373257.2,300,5.256,2238.01,Home purchase
L000903,C000644,2023-08-01,Auto loan,33250.6,60,10.348,712.18,Vehicle purchase
L000904,C001253,2021-07-01,Personal loan,3258.24,60,8.537,66.91,Major purchase
L000905,C001185,2022-05-01,Credit card,20546.01,60,18.236,616.38,Revolving credit
L000906,C001956,2023-04-01,Credit card,7602.15,60,19.023,228.06,Revolving credit
L000907,C001862,2022-08-01,Personal loan,9593.43,48,9.267,239.95,Debt consolidation
L000908,C000335,2023-05-01,Credit card,15230.54,60,22.693,456.92,Revolving credit
L000909,C000863,2022-06-01,Personal loan,25631.88,48,13.976,700.13,Major purchase
L000910,C000479,2021-11-01,Personal loan,22487.93,60,12.657,507.73,Home improvement
L000911,C001242,2022-08-01,Mortgage,350156.53,240,3.725,2071.53,Home purchase
L000912,C000227,2021-11-01,Personal loan,21989.86,72,4.216,346.2,Home improvement
L000913,C001314,2022-02-01,Credit card,9122.92,60,16.72,273.69,Revolving credit
L000914,C001380,2022-01-01,Auto loan,43688.27,48,9.284,1093.09,Vehicle purchase
L000915,C000753,2023-04-01,Personal loan,50043.48,48,15.796,1413.03,Major purchase
L000916,C000586,2022-05-01,Credit card,14579.26,60,20.164,437.38,Revolving credit
L000917,C001747,2022-03-01,Auto loan,10211.09,60,6.293,198.8,Vehicle purchase
L000918,C001255,2022-04-01,Personal loan,11968.93,72,11.081,228.31,Major purchase
L000919,C001631,2022-08-01,Auto loan,31914.66,48,6.819,761.56,Vehicle purchase
L000920,C001180,2023-04-01,Credit card,3421.85,60,13.773,102.66,Revolving credit
L000921,C001929,2022-10-01,Auto loan,27184.69,48,3.463,607.3,Vehicle purchase
L000922,C001968,2022-01-01,Credit card,5122.32,60,13.11,153.67,Revolving credit
L000923,C001262,2022-07-01,Auto loan,39714.41,48,10.113,1009.41,Vehicle purchase
L000924,C001142,2021-12-01,Credit card,4148.72,60,12.543,124.46,Revolving credit
L000925,C000483,2023-09-01,Personal loan,39101.8,48,7.546,946.28,Education
L000926,C000337,2023-09-01,Auto loan,10457.21,48,4.883,240.27,Vehicle purchase
L000927,C000632,2022-07-01,Personal loan,52267.18,36,6.229,1595.49,Major purchase
L000928,C001229,2023-01-01,Credit card,12428.99,60,17.964,372.87,Revolving credit
L000929,C000040,2023-02-01,Auto loan,47744.59,72,6.667,806.38,Vehicle purchase
L000930,C000306,2022-12-01,Credit card,9870.5,60,23.316,296.11,Revolving credit
L000931,C001139,2018-05-01,Mortgage,307755.96,240,4.896,2013.43,Home purchase
L000932,C001890,2021-01-01,Auto loan,34833.06,72,8.557,620.25,Vehicle purchase
L000933,C001787,2022-07-01,Credit card,13141.36,60,17.973,394.24,Revolving credit
L000934,C000074,2023-05-01,Credit card,17509.11,60,22.269,525.27,Revolving credit
L000935,C000749,2023-08-01,Auto loan,23930.02,60,6.748,471.01,Vehicle purchase
L000936,C000283,2023-09-01,Personal loan,43330.77,36,13.283,1465.9,Home improvement
L000937,C000910,2023-04-01,Auto loan,25846.06,36,4.729,771.49,Vehicle purchase
L000938,C001621,2021-08-01,Credit card,6955.46,60,22.478,208.66,Revolving credit
L000939,C001824,2023-09-01,Personal loan,14079.88,60,9.677,296.92,Debt consolidation
L000940,C000648,2023-09-01,Mortgage,146769.73,240,5.386,1000.17,Home purchase
L000941,C001106,2022-02-01,Auto loan,40458.76,72,3.587,625.4,Vehicle purchase
L000942,C001930,2023-01-01,Personal loan,46162.62,60,4.365,857.78,Major purchase
L000943,C000287,2022-02-01,Auto loan,39325.25,48,10.259,1002.29,Vehicle purchase
L000944,C000781,2022-07-01,Auto loan,46247.49,48,9.967,1172.22,Vehicle purchase
L000945,C001362,2021-08-01,Credit card,8970.13,60,16.489,269.1,Revolving credit
L000946,C000234,2021-12-01,Credit card,21288.0,60,20.057,638.64,Revolving credit
L000947,C001383,2018-07-01,Mortgage,380938.24,240,2.437,2007.01,Home purchase
L000948,C001353,2022-10-01,Credit card,12782.4,60,18.846,383.47,Revolving credit
L000949,C000192,2023-06-01,Personal loan,41174.34,36,7.528,1281.31,Education
L000950,C002023,2021-07-01,Auto loan,9995.46,60,8.31,204.16,Vehicle purchase
L000951,C001701,2019-02-01,Mortgage,381645.56,240,2.808,2080.15,Home purchase
L000952,C000044,2021-04-01,Personal loan,30813.49,72,6.596,519.38,Debt consolidation
L000953,C000430,2023-08-01,Auto loan,25583.12,48,6.551,607.3,Vehicle purchase
L000954,C001873,2022-08-01,Personal loan,52999.95,60,10.335,1134.85,Home improvement
L000955,C001507,2022-09-01,Credit card,11609.62,60,18.536,348.29,Revolving credit
L000956,C000538,2022-05-01,Auto loan,41017.95,48,9.241,1025.44,Vehicle purchase
L000957,C000044,2019-01-01,Mortgage,287357.75,180,3.25,2019.11,Home purchase
L000958,C000223,2023-05-01,Mortgage,315307.85,180,4.548,2419.81,Home purchase
L000959,C001906,2021-07-01,Credit card,19011.56,60,19.236,570.35,Revolving credit
L000960,C001659,2023-10-01,Auto loan,12223.89,48,3.901,275.46,Vehicle purchase
L000961,C000158,2023-07-01,Auto loan,54044.84,72,4.429,856.15,Vehicle purchase
L000962,C001523,2020-06-01,Mortgage,296192.87,300,4.291,1611.4,Home purchase
L000963,C001694,2022-10-01,Personal loan,32772.11,60,15.426,786.99,Debt consolidation
L000964,C002000,2023-06-01,Personal loan,10503.26,24,5.748,464.32,Debt consolidation
L000965,C001799,2021-08-01,Credit card,22491.87,60,21.841,674.76,Revolving credit
L000966,C000820,2023-09-01,Credit card,8325.17,60,13.837,249.76,Revolving credit
L000967,C000987,2023-07-01,Mortgage,340455.13,300,2.726,1566.33,Home purchase
L000968,C001697,2023-09-01,Personal loan,30751.46,60,15.23,735.3,Debt consolidation
L000969,C001528,2022-03-01,Credit card,2116.93,60,15.722,63.51,Revolving credit
L000970,C000655,2023-10-01,Auto loan,31549.0,48,10.484,807.51,Vehicle purchase
L000971,C000205,2020-05-01,Mortgage,133437.23,240,5.51,918.68,Home purchase
L000972,C000001,2022-10-01,Credit card,5958.89,60,16.005,178.77,Revolving credit
L000973,C000753,2021-11-01,Personal loan,39060.35,72,8.257,689.76,Debt consolidation
L000974,C001416,2023-07-01,Personal loan,21795.07,36,14.212,747.15,Major purchase
L000975,C000418,2023-08-01,Personal loan,53324.22,72,4.038,835.2,Home improvement
L000976,C000872,2022-10-01,Personal loan,43127.72,48,12.262,1141.27,Home improvement
L000977,C001907,2022-11-01,Auto loan,19762.44,60,4.301,366.65,Vehicle purchase
L000978,C000186,2021-07-01,Credit card,5271.66,60,21.956,158.15,Revolving credit
L000979,C000355,2021-07-01,Personal loan,19272.76,72,4.82,308.78,Home improvement
L000980,C001752,2022-12-01,Personal loan,39053.77,36,7.614,1216.85,Major purchase
L000981,C001724,2022-05-01,Credit card,4581.5,60,12.862,137.44,Revolving credit
L000982,C000442,2022-09-01,Credit card,15582.13,60,19.1,467.46,Revolving credit
L000983,C000813,2022-06-01,Personal loan,11094.04,60,6.84,218.84,Home improvement
L000984,C000017,2023-06-01,Auto loan,26192.98,60,8.41,536.25,Vehicle purchase
L000985,C001784,2018-07-01,Mortgage,234340.95,240,1.96,1181.1,Home purchase
L000986,C001953,2021-02-01,Auto loan,41116.68,72,4.679,656.07,Vehicle purchase
L000987,C000825,2022-04-01,Personal loan,47431.12,48,4.349,1078.36,Debt consolidation
L000988,C001912,2023-06-01,Credit card,13520.04,60,23.013,405.6,Revolving credit
L000989,C001696,2023-05-01,Auto loan,30399.55,60,10.392,651.78,Vehicle purchase
L000990,C001587,2022-01-01,Personal loan,22676.88,60,8.708,467.52,Major purchase
L000991,C001091,2022-05-01,Credit card,13078.77,60,12.765,392.36,Revolving credit
L000992,C001170,2023-04-01,Personal loan,34779.61,60,15.722,840.65,Debt consolidation
L000993,C000018,2021-11-01,Credit card,22110.58,60,16.442,663.32,Revolving credit
L000994,C001545,2023-03-01,Mortgage,243807.58,240,2.342,1273.26,Home purchase
L000995,C000122,2023-01-01,Credit card,11294.94,60,20.789,338.85,Revolving credit
L000996,C000100,2021-12-01,Credit card,17945.58,60,12.598,538.37,Revolving credit
L000997,C001370,2021-11-01,Auto loan,53570.57,60,4.125,989.61,Vehicle purchase
L000998,C000329,2022-02-01,Personal loan,52643.45,48,15.215,1470.86,Home improvement
L000999,C000564,2023-07-01,Personal loan,33898.42,36,12.527,1134.46,Home improvement
L001000,C000160,2022-09-01,Credit card,21008.47,60,17.945,630.25,Revolving credit
L001001,C001643,2022-10-01,Personal loan,3704.74,36,9.218,118.19,Home improvement
L001002,C001297,2022-01-01,Auto loan,27176.07,48,9.792,686.54,Vehicle purchase
L001003,C001647,2023-09-01,Credit card,15422.91,60,19.027,462.69,Revolving credit
L001004,C000097,2023-03-01,Personal loan,54430.94,36,6.686,1672.88,Home improvement
L001005,C000553,2022-10-01,Auto loan,53218.75,60,7.623,1069.5,Vehicle purchase
L001006,C001726,2022-10-01,Personal loan,24438.55,48,5.025,563.08,Home improvement
L001007,C001279,2023-08-01,Personal loan,36894.81,24,7.604,1661.99,Major purchase
L001008,C000317,2023-09-01,Personal loan,25253.73,60,14.093,588.83,Debt consolidation
L001009,C000343,2022-12-01,Personal loan,34059.17,48,8.196,834.63,Major purchase
L001010,C001101,2020-08-01,Mortgage,137345.24,240,3.764,815.28,Home purchase
L001011,C000535,2023-04-01,Personal loan,38088.7,48,15.02,1060.43,Debt consolidation
L001012,C001638,2023-09-01,Credit card,4331.73,60,21.044,129.95,Revolving credit
L001013,C000484,2022-02-01,Auto loan,13939.95,60,5.046,263.36,Vehicle purchase
L001014,C001005,2022-09-01,Personal loan,32916.04,36,11.923,1092.08,Debt consolidation
L001015,C002009,2023-05-01,Auto loan,22959.33,36,6.202,700.57,Vehicle purchase
L001016,C002042,2022-11-01,Personal loan,34174.29,72,9.824,630.08,Debt consolidation
L001017,C000675,2022-05-01,Auto loan,11635.89,72,6.115,193.47,Vehicle purchase
L001018,C001208,2021-12-01,Credit card,8319.86,60,15.098,249.6,Revolving credit
L001019,C002044,2021-04-01,Auto loan,47767.44,72,3.593,738.5,Vehicle purchase
L001020,C000865,2022-08-01,Auto loan,24678.41,60,3.274,446.45,Vehicle purchase
L001021,C001195,2022-10-01,Personal loan,12034.55,48,10.831,310.06,Home improvement
L001022,C001457,2021-10-01,Credit card,23128.94,60,17.856,693.87,Revolving credit
L001023,C000363,2023-02-01,Credit card,20669.62,60,18.528,620.09,Revolving credit
L001024,C000480,2023-02-01,Auto loan,61676.72,48,4.693,1411.82,Vehicle purchase
L001025,C000083,2021-11-01,Credit card,16350.88,60,13.311,490.53,Revolving credit
L001026,C001843,2021-07-01,Credit card,19235.2,60,22.947,577.06,Revolving credit
L001027,C000413,2022-01-01,Auto loan,18671.87,48,4.311,424.2,Vehicle purchase
L001028,C000891,2022-11-01,Auto loan,42689.29,60,6.759,840.46,Vehicle purchase
L001029,C000534,2023-05-01,Credit card,6780.88,60,17.559,203.43,Revolving credit
L001030,C002032,2023-09-01,Credit card,3156.69,60,20.921,94.7,Revolving credit
L001031,C002043,2022-02-01,Credit card,9233.86,60,20.484,277.02,Revolving credit
L001032,C001593,2022-11-01,Credit card,4394.4,60,18.419,131.83,Revolving credit
L001033,C000920,2022-03-01,Mortgage,392206.15,240,4.673,2518.04,Home purchase
L001034,C000413,2022-03-01,Credit card,22194.66,60,13.693,665.84,Revolving credit
L001035,C002024,2021-08-01,Mortgage,212363.11,240,2.696,1145.66,Home purchase
L001036,C001350,2022-10-01,Mortgage,380954.11,240,3.492,2207.83,Home purchase
L001037,C000084,2023-01-01,Auto loan,50652.48,48,7.057,1214.27,Vehicle purchase
L001038,C001901,2023-09-01,Personal loan,3259.93,36,5.478,98.4,Debt consolidation
L001039,C000699,2023-05-01,Auto loan,33786.2,60,9.245,705.37,Vehicle purchase
L001040,C000734,2022-12-01,Credit card,13343.56,60,19.466,400.31,Revolving credit
L001041,C002016,2023-07-01,Personal loan,37129.15,48,9.264,928.61,Home improvement
L001042,C000472,2022-12-01,Credit card,14418.68,60,20.021,432.56,Revolving credit
L001043,C000026,2018-07-01,Mortgage,403052.85,240,2.364,2109.27,Home purchase
L001044,C000937,2023-09-01,Auto loan,30943.53,48,7.924,754.31,Vehicle purchase
L001045,C000486,2022-08-01,Auto loan,58698.04,36,7.078,1814.52,Vehicle purchase
L001046,C001697,2021-09-01,Credit card,22060.14,60,19.559,661.8,Revolving credit
L001047,C001108,2022-02-01,Personal loan,54729.91,60,4.012,1008.23,Home improvement
L001048,C001718,2021-05-01,Auto loan,53837.6,72,6.082,894.33,Vehicle purchase
L001049,C000623,2021-12-01,Personal loan,5834.8,60,14.516,137.33,Debt consolidation
L001050,C001713,2021-05-01,Auto loan,53397.84,72,5.641,875.94,Vehicle purchase
L001051,C001712,2021-12-01,Personal loan,13524.43,72,13.476,274.9,Debt consolidation
L001052,C000224,2023-07-01,Personal loan,47062.94,48,7.914,1147.04,Home improvement
L001053,C001923,2022-03-01,Credit card,11476.32,60,14.811,344.29,Revolving credit
L001054,C001587,2023-08-01,Auto loan,38123.72,48,6.267,900.02,Vehicle purchase
L001055,C000076,2023-01-01,Credit card,18521.1,60,18.668,555.63,Revolving credit
L001056,C000628,2022-10-01,Personal loan,14273.4,48,8.759,353.56,Debt consolidation
L001057,C000960,2023-05-01,Personal loan,43525.89,24,12.414,2057.33,Home improvement
L001058,C000474,2022-10-01,Auto loan,19303.16,60,10.07,410.8,Vehicle purchase
L001059,C001342,2023-08-01,Credit card,18823.79,60,18.449,564.71,Revolving credit
L001060,C001204,2023-03-01,Auto loan,30502.88,72,7.891,533.19,Vehicle purchase
L001061,C001141,2023-07-01,Auto loan,17886.54,60,4.781,335.75,Vehicle purchase
L001062,C000352,2022-11-01,Auto loan,15262.59,60,7.662,307.01,Vehicle purchase
L001063,C001130,2020-10-01,Mortgage,288095.95,240,4.735,1859.33,Home purchase
L001064,C000266,2023-08-01,Personal loan,34452.1,36,7.009,1063.91,Home improvement
L001065,C000087,2022-01-01,Credit card,20565.59,60,17.356,616.97,Revolving credit
L001066,C000331,2022-10-01,Credit card,16051.1,60,22.43,481.53,Revolving credit
L001067,C001140,2023-10-01,Personal loan,3101.85,60,9.532,65.19,Debt consolidation
L001068,C001045,2022-04-01,Credit card,12551.63,60,20.613,376.55,Revolving credit
L001069,C000028,2022-09-01,Personal loan,6053.43,36,4.761,180.78,Major purchase
L001070,C000624,2023-02-01,Auto loan,41370.96,60,6.618,811.76,Vehicle purchase
L001071,C000868,2021-07-01,Personal loan,21870.63,60,4.447,407.21,Home improvement
L001072,C001940,2023-05-01,Personal loan,20023.44,36,12.012,665.18,Debt consolidation
L001073,C000814,2022-06-01,Auto loan,22571.6,60,3.867,414.34,Vehicle purchase
L001074,C001955,2022-11-01,Credit card,8082.21,60,13.636,242.47,Revolving credit
L001075,C001018,2022-03-01,Personal loan,51624.89,48,4.164,1169.44,Major purchase
L001076,C001310,2023-06-01,Personal loan,53993.68,36,7.289,1674.32,Home improvement
L001077,C001772,2022-11-01,Personal loan,25733.1,48,9.792,650.09,Major purchase
L001078,C001336,2022-12-01,Auto loan,11347.85,72,8.908,204.03,Vehicle purchase
L001079,C000653,2022-06-01,Credit card,6118.0,60,20.875,183.54,Revolving credit
L001080,C001851,2022-06-01,Personal loan,25244.22,60,11.434,554.36,Debt consolidation
L001081,C000557,2022-01-01,Credit card,18626.11,60,23.183,558.78,Revolving credit
L001082,C000261,2023-04-01,Personal loan,13294.25,36,15.105,461.54,Major purchase
L001083,C001727,2022-07-01,Personal loan,28352.79,36,9.187,904.08,Debt consolidation
L001084,C000309,2022-01-01,Auto loan,46336.1,60,8.869,958.92,Vehicle purchase
L001085,C001490,2023-02-01,Auto loan,49251.74,60,8.746,1016.31,Vehicle purchase
L001086,C001571,2023-06-01,Personal loan,11789.68,24,15.383,573.79,Debt consolidation
L001087,C001584,2022-10-01,Personal loan,29925.95,48,10.596,767.6,Major purchase
L001088,C001393,2023-06-01,Personal loan,52460.7,60,10.246,1120.98,Debt consolidation
L001089,C001548,2023-07-01,Personal loan,39088.86,48,8.404,961.71,Debt consolidation
L001090,C001476,2021-10-01,Credit card,9327.21,60,23.369,279.82,Revolving credit
L001091,C001571,2023-05-01,Credit card,3613.0,60,14.943,108.39,Revolving credit
L001092,C000007,2021-01-01,Auto loan,58991.94,72,8.746,1055.93,Vehicle purchase
L001093,C001157,2021-12-01,Credit card,5837.24,60,23.431,175.12,Revolving credit
L001094,C001367,2020-12-01,Mortgage,310262.12,240,4.928,2035.31,Home purchase
L001095,C002031,2023-01-01,Mortgage,164034.51,240,5.611,1138.7,Home purchase
L001096,C001217,2022-07-01,Auto loan,11472.83,60,6.624,225.14,Vehicle purchase
L001097,C000724,2021-07-01,Personal loan,9319.52,60,4.389,173.27,Major purchase
L001098,C001583,2023-10-01,Credit card,17218.57,60,16.025,516.56,Revolving credit
L001099,C002005,2023-01-01,Credit card,11850.94,60,21.064,355.53,Revolving credit
L001100,C000326,2022-09-01,Credit card,15442.73,60,14.401,463.28,Revolving credit
L001101,C001624,2023-09-01,Personal loan,49186.02,36,10.783,1605.23,Home improvement
L001102,C000696,2023-10-01,Personal loan,31247.37,24,6.541,1392.53,Debt consolidation
L001103,C001136,2023-03-01,Credit card,10525.35,60,22.364,315.76,Revolving credit
L001104,C001157,2022-05-01,Credit card,17314.38,60,19.014,519.43,Revolving credit
L001105,C000112,2023-09-01,Personal loan,23916.99,36,5.558,722.82,Education
L001106,C001488,2022-08-01,Auto loan,51937.21,72,3.934,811.0,Vehicle purchase
L001107,C000614,2022-09-01,Personal loan,3006.27,36,11.525,99.17,Home improvement
L001108,C001573,2022-08-01,Personal loan,53975.65,72,8.27,953.51,Home improvement
L001109,C001545,2022-09-01,Credit card,2963.59,60,20.632,88.91,Revolving credit
L001110,C000073,2022-11-01,Personal loan,16295.07,60,15.628,393.05,Major purchase
L001111,C001178,2021-10-01,Credit card,3290.4,60,18.223,98.71,Revolving credit
L001112,C000389,2022-05-01,Credit card,9657.26,60,19.341,289.72,Revolving credit
L001113,C001430,2023-05-01,Personal loan,53389.86,36,15.601,1866.53,Debt consolidation
L001114,C000086,2022-02-01,Personal loan,7895.48,48,5.882,185.0,Home improvement
L001115,C001767,2022-02-01,Personal loan,30972.43,60,11.51,681.32,Major purchase
L001116,C000123,2022-07-01,Auto loan,29323.04,60,4.861,551.49,Vehicle purchase
L001117,C001922,2023-06-01,Personal loan,50157.71,72,15.064,1062.34,Debt consolidation
L001118,C000209,2022-11-01,Personal loan,35662.73,60,15.565,859.02,Major purchase
L001119,C000570,2023-09-01,Credit card,6468.83,60,19.673,194.06,Revolving credit
L001120,C000477,2022-09-01,Personal loan,25391.52,36,4.486,755.16,Major purchase
L001121,C000829,2022-09-01,Auto loan,13253.85,48,3.881,298.55,Vehicle purchase
L001122,C001516,2023-09-01,Personal loan,4642.17,48,15.534,130.46,Debt consolidation
L001123,C001826,2022-02-01,Personal loan,13616.63,60,11.21,297.48,Debt consolidation
L001124,C000447,2021-11-01,Personal loan,6167.16,60,8.517,126.58,Debt consolidation
L001125,C001457,2023-02-01,Credit card,9279.67,60,13.044,278.39,Revolving credit
L001126,C000064,2023-09-01,Mortgage,283159.23,180,3.528,2028.11,Home purchase
L001127,C001028,2023-03-01,Personal loan,38161.58,36,12.065,1268.7,Home improvement
L001128,C000483,2022-04-01,Credit card,23219.49,60,22.317,696.58,Revolving credit
L001129,C000841,2022-01-01,Auto loan,49882.64,72,9.406,909.26,Vehicle purchase
L001130,C000218,2022-07-01,Personal loan,49865.37,36,5.234,1499.76,Debt consolidation
L001131,C000267,2022-12-01,Credit card,16227.2,60,20.873,486.82,Revolving credit
L001132,C001450,2020-11-01,Mortgage,190302.15,300,3.026,905.02,Home purchase
L001133,C001863,2023-07-01,Auto loan,33953.69,60,5.428,647.43,Vehicle purchase
L001134,C001289,2022-10-01,Credit card,12160.52,60,14.364,364.82,Revolving credit
L001135,C000686,2022-12-01,Mortgage,403025.29,240,1.972,2033.41,Home purchase
L001136,C000448,2023-08-01,Mortgage,181306.84,240,3.033,1008.5,Home purchase
L001137,C001819,2022-02-01,Credit card,17293.73,60,13.479,518.81,Revolving credit
L001138,C001098,2023-04-01,Personal loan,15362.66,60,9.209,320.46,Major purchase
L001139,C001177,2021-11-01,Personal loan,20911.83,60,12.446,469.9,Major purchase
L001140,C000699,2023-03-01,Personal loan,13658.58,48,9.681,344.33,Major purchase
L001141,C000795,2022-10-01,Personal loan,8081.07,48,10.299,206.12,Debt consolidation
L001142,C001100,2023-07-01,Personal loan,13105.9,36,10.455,425.69,Debt consolidation
L001143,C000532,2023-05-01,Personal loan,52296.2,60,6.178,1015.37,Debt consolidation
L001144,C001874,2021-12-01,Personal loan,45034.69,60,4.923,848.27,Debt consolidation
L001145,C000029,2023-03-01,Personal loan,3351.27,36,13.16,113.18,Debt consolidation
L001146,C001690,2022-05-01,Personal loan,12615.92,48,10.618,323.73,Education
L001147,C000539,2022-09-01,Mortgage,147443.66,240,4.582,939.37,Home purchase
L001148,C000760,2023-05-01,Credit card,13084.77,60,15.339,392.54,Revolving credit
L001149,C000298,2022-03-01,Mortgage,248907.28,240,3.415,1432.67,Home purchase
L001150,C001028,2023-10-01,Credit card,3561.02,60,16.359,106.83,Revolving credit
L001151,C000997,2022-05-01,Credit card,15941.47,60,19.36,478.24,Revolving credit
L001152,C000238,2021-06-01,Auto loan,56316.3,72,8.987,1014.78,Vehicle purchase
L001153,C001024,2022-04-01,Credit card,7391.9,60,21.324,221.76,Revolving credit
L001154,C000407,2022-02-01,Mortgage,122786.57,240,5.358,834.79,Home purchase
L001155,C000347,2023-02-01,Personal loan,54148.49,60,10.624,1167.19,Education
L001156,C001720,2022-08-01,Personal loan,31521.95,36,7.891,986.2,Home improvement
L001157,C000907,2023-10-01,Auto loan,15886.5,60,10.273,339.68,Vehicle purchase
L001158,C000202,2021-12-01,Credit card,18997.31,60,15.826,569.92,Revolving credit
L001159,C000999,2023-05-01,Auto loan,34208.25,72,5.912,565.51,Vehicle purchase
L001160,C001856,2022-04-01,Credit card,12911.28,60,18.48,387.34,Revolving credit
L001161,C001696,2021-06-01,Personal loan,53593.87,72,10.054,994.33,Major purchase
L001162,C001546,2022-10-01,Personal loan,9787.4,36,4.051,289.19,Debt consolidation
L001163,C000709,2022-05-01,Credit card,19368.62,60,19.2,581.06,Revolving credit
L001164,C001684,2023-10-01,Personal loan,11416.12,36,6.629,350.56,Major purchase
L001165,C000040,2023-07-01,Credit card,10257.1,60,16.137,307.71,Revolving credit
L001166,C001895,2018-06-01,Mortgage,96001.36,240,4.702,617.84,Home purchase
L001167,C001246,2023-09-01,Personal loan,38164.86,60,10.939,828.64,Home improvement
L001168,C001549,2023-03-01,Personal loan,10719.99,24,4.127,466.12,Education
L001169,C001382,2020-10-01,Mortgage,250624.61,240,4.302,1558.94,Home purchase
L001170,C000477,2023-08-01,Credit card,23423.25,60,20.184,702.7,Revolving credit
L001171,C000086,2022-03-01,Auto loan,17719.76,48,5.934,415.61,Vehicle purchase
L001172,C000943,2022-08-01,Auto loan,56492.58,60,9.528,1187.21,Vehicle purchase
L001173,C000069,2023-05-01,Credit card,6191.83,60,21.333,185.75,Revolving credit
L001174,C000645,2022-04-01,Auto loan,25445.67,60,10.154,542.58,Vehicle purchase
L001175,C000473,2023-09-01,Credit card,18671.57,60,18.4,560.15,Revolving credit
L001176,C000914,2019-09-01,Mortgage,266093.9,240,2.221,1374.18,Home purchase
L001177,C000232,2023-08-01,Mortgage,146403.81,240,4.229,904.97,Home purchase
L001178,C001326,2023-05-01,Personal loan,25855.36,60,4.361,480.38,Home improvement
L001179,C000236,2022-08-01,Credit card,6614.29,60,17.278,198.43,Revolving credit
L001180,C000216,2022-07-01,Personal loan,15279.45,48,9.703,385.35,Debt consolidation
L001181,C000527,2022-09-01,Auto loan,16027.81,72,5.996,265.6,Vehicle purchase
L001182,C001850,2021-08-01,Credit card,4601.94,60,14.007,138.06,Revolving credit
L001183,C001138,2019-10-01,Mortgage,161097.73,300,3.913,842.64,Home purchase
L001184,C000965,2022-09-01,Auto loan,29504.74,48,7.185,709.06,Vehicle purchase
L001185,C000034,2022-04-01,Credit card,12536.44,60,17.332,376.09,Revolving credit
L001186,C001169,2023-02-01,Credit card,17113.97,60,21.505,513.42,Revolving credit
L001187,C000617,2022-12-01,Credit card,11063.23,60,13.194,331.9,Revolving credit
L001188,C000225,2023-03-01,Credit card,23563.14,60,22.442,706.89,Revolving credit
L001189,C000127,2023-09-01,Personal loan,24523.07,72,11.19,469.16,Home improvement
L001190,C000002,2021-07-01,Mortgage,247649.87,180,2.566,1658.96,Home purchase
L001191,C001851,2022-03-01,Auto loan,58307.44,72,6.69,985.44,Vehicle purchase
L001192,C001963,2021-11-01,Auto loan,12553.58,60,6.166,243.67,Vehicle purchase
L001193,C000953,2023-07-01,Auto loan,49577.0,48,8.975,1233.14,Vehicle purchase
L001194,C000112,2021-08-01,Credit card,10852.8,60,16.675,325.58,Revolving credit
L001195,C001615,2022-02-01,Personal loan,53116.71,60,13.642,1226.1,Education
L001196,C000698,2023-02-01,Personal loan,31125.5,24,4.9,1364.12,Home improvement
L001197,C000077,2023-01-01,Credit card,20886.83,60,16.163,626.6,Revolving credit
L001198,C000162,2022-12-01,Personal loan,7140.82,36,6.578,219.11,Home improvement
L001199,C001869,2022-09-01,Personal loan,38854.57,60,5.716,746.04,Debt consolidation
L001200,C000809,2021-08-01,Auto loan,20988.61,60,6.382,409.51,Vehicle purchase
L001201,C001613,2021-12-01,Mortgage,122291.61,300,4.669,691.53,Home purchase
L001202,C001258,2023-05-01,Personal loan,36831.39,60,9.745,777.94,Home improvement
L001203,C001754,2022-09-01,Credit card,21650.65,60,16.627,649.52,Revolving credit
L001204,C001149,2023-01-01,Auto loan,30802.1,60,6.38,600.95,Vehicle purchase
L001205,C000709,2022-01-01,Auto loan,36037.17,60,9.716,760.66,Vehicle purchase
L001206,C001405,2021-08-01,Credit card,23208.02,60,17.399,696.24,Revolving credit
L001207,C001017,2022-12-01,Auto loan,61953.42,48,8.395,1523.97,Vehicle purchase
L001208,C001898,2023-10-01,Auto loan,41777.2,60,8.567,858.48,Vehicle purchase
L001209,C001067,2021-12-01,Personal loan,20979.91,72,13.072,421.95,Debt consolidation
L001210,C001429,2023-03-01,Auto loan,33079.66,60,4.335,614.23,Vehicle purchase
L001211,C001268,2023-06-01,Personal loan,42718.77,60,7.203,849.99,Major purchase
L001212,C000864,2022-07-01,Personal loan,21455.87,72,15.279,456.94,Debt consolidation
L001213,C001113,2023-05-01,Credit card,18798.55,60,14.885,563.96,Revolving credit
L001214,C001356,2022-10-01,Auto loan,49755.54,48,5.727,1162.3,Vehicle purchase
L001215,C001813,2023-03-01,Credit card,6832.08,60,23.72,204.96,Revolving credit
L001216,C000121,2022-06-01,Credit card,9724.28,60,23.57,291.73,Revolving credit
L001217,C000766,2022-01-01,Auto loan,37055.46,72,8.156,652.52,Vehicle purchase
L001218,C001826,2022-05-01,Credit card,2266.58,60,22.235,68.0,Revolving credit
L001219,C001198,2023-10-01,Credit card,19456.33,60,20.387,583.69,Revolving credit
L001220,C001309,2023-05-01,Auto loan,28991.02,60,9.74,612.28,Vehicle purchase
L001221,C001461,2022-04-01,Credit card,20095.77,60,13.109,602.87,Revolving credit
L001222,C000520,2023-01-01,Personal loan,23820.23,60,14.752,563.59,Major purchase
L001223,C002028,2023-02-01,Personal loan,11722.83,36,11.424,386.15,Home improvement
L001224,C000331,2023-02-01,Mortgage,307134.63,240,1.802,1525.06,Home purchase
L001225,C000737,2022-10-01,Credit card,23348.74,60,13.321,700.46,Revolving credit
L001226,C001607,2023-10-01,Credit card,11246.51,60,18.011,337.4,Revolving credit
L001227,C001722,2022-05-01,Credit card,23750.25,60,20.563,712.51,Revolving credit
L001228,C000907,2021-03-01,Personal loan,20187.56,72,15.032,427.21,Home improvement
L001229,C001097,2022-01-01,Personal loan,4959.55,48,13.474,134.22,Home improvement
L001230,C001232,2022-07-01,Credit card,18268.67,60,23.735,548.06,Revolving credit
L001231,C002013,2021-02-01,Mortgage,266718.13,300,2.458,1190.92,Home purchase
L001232,C000191,2021-10-01,Auto loan,43731.02,60,8.564,898.57,Vehicle purchase
L001233,C001356,2022-08-01,Credit card,10148.02,60,21.122,304.44,Revolving credit
L001234,C001889,2020-11-01,Mortgage,199065.01,240,4.712,1282.24,Home purchase
L001235,C001979,2022-12-01,Credit card,13878.55,60,22.225,416.36,Revolving credit
L001236,C000869,2023-09-01,Personal loan,34817.22,48,4.307,790.94,Debt consolidation
L001237,C000829,2021-12-01,Auto loan,50118.39,60,5.321,953.2,Vehicle purchase
L001238,C000427,2022-02-01,Credit card,20009.15,60,21.85,600.27,Revolving credit
L001239,C000368,2023-03-01,Credit card,23072.33,60,23.693,692.17,Revolving credit
L001240,C001058,2022-02-01,Credit card,23414.14,60,21.776,702.42,Revolving credit
L001241,C001505,2023-03-01,Credit card,8656.87,60,20.504,259.71,Revolving credit
L001242,C001658,2023-07-01,Credit card,2017.4,60,18.551,60.52,Revolving credit
L001243,C001852,2022-09-01,Auto loan,58607.73,60,7.04,1161.6,Vehicle purchase
L001244,C001274,2022-08-01,Credit card,14523.98,60,14.682,435.72,Revolving credit
L001245,C001556,2022-07-01,Credit card,20361.16,60,19.797,610.83,Revolving credit
L001246,C001581,2023-09-01,Personal loan,40707.49,72,11.68,789.07,Debt consolidation
L001247,C000315,2022-03-01,Credit card,23903.04,60,13.613,717.09,Revolving credit
L001248,C001998,2022-11-01,Mortgage,144057.85,240,3.474,833.57,Home purchase
L001249,C000942,2021-10-01,Personal loan,43444.3,60,5.081,821.46,Home improvement
L001250,C000357,2023-04-01,Personal loan,39170.71,48,4.632,895.56,Major purchase
L001251,C001078,2020-05-01,Mortgage,184086.25,240,3.43,1060.98,Home purchase
L001252,C001020,2021-05-01,Personal loan,10538.61,72,7.075,180.05,Major purchase
L001253,C000989,2023-06-01,Personal loan,24167.95,48,5.54,562.5,Debt consolidation
L001254,C000706,2023-05-01,Credit card,9383.18,60,17.295,281.5,Revolving credit
L001255,C000633,2023-03-01,Credit card,11637.72,60,22.826,349.13,Revolving credit
L001256,C001649,2021-11-01,Personal loan,3365.06,60,11.35,73.75,Education
L001257,C001243,2022-12-01,Credit card,15438.85,60,18.383,463.17,Revolving credit
L001258,C001014,2023-01-01,Credit card,16455.11,60,19.67,493.65,Revolving credit
L001259,C001452,2023-09-01,Auto loan,32299.92,60,8.377,660.77,Vehicle purchase
L001260,C000472,2023-03-01,Personal loan,37657.48,36,9.382,1204.21,Home improvement
L001261,C000523,2018-01-01,Mortgage,212750.06,240,5.614,1477.2,Home purchase
L001262,C000442,2022-09-01,Credit card,17403.68,60,16.522,522.11,Revolving credit
L001263,C000409,2023-08-01,Personal loan,43345.54,60,10.704,936.06,Major purchase
L001264,C001284,2021-12-01,Credit card,8198.08,60,23.709,245.94,Revolving credit
L001265,C001385,2023-06-01,Personal loan,46357.66,24,10.97,2159.98,Major purchase
L001266,C000118,2023-05-01,Auto loan,60453.17,60,7.544,1212.63,Vehicle purchase
L001267,C000397,2021-11-01,Credit card,18804.57,60,16.214,564.14,Revolving credit
L001268,C001032,2022-06-01,Personal loan,45714.21,60,10.55,983.71,Education
L001269,C001014,2022-10-01,Personal loan,20273.35,36,10.349,657.49,Debt consolidation
L001270,C000210,2018-01-01,Mortgage,419533.29,180,2.082,2715.62,Home purchase
L001271,C001604,2023-01-01,Personal loan,22046.45,24,14.044,1058.98,Major purchase
L001272,C001263,2022-12-01,Auto loan,58404.77,60,6.185,1134.16,Vehicle purchase
L001273,C001600,2022-02-01,Personal loan,33296.55,60,13.676,769.18,Debt consolidation
L001274,C000577,2021-01-01,Auto loan,48563.13,72,5.824,800.8,Vehicle purchase
L001275,C000883,2022-09-01,Credit card,19952.91,60,13.611,598.59,Revolving credit
L001276,C000076,2022-04-01,Auto loan,16928.08,60,5.185,320.89,Vehicle purchase
L001277,C001343,2022-08-01,Credit card,5450.18,60,12.98,163.51,Revolving credit
L001278,C000393,2023-03-01,Personal loan,47242.1,72,4.954,759.83,Home improvement
L001279,C001233,2023-09-01,Credit card,12640.21,60,19.191,379.21,Revolving credit
L001280,C001630,2023-10-01,Personal loan,31083.44,24,14.446,1498.97,Debt consolidation
L001281,C000085,2022-12-01,Personal loan,49979.01,36,6.482,1531.39,Major purchase
L001282,C001353,2022-06-01,Personal loan,45602.61,60,8.409,933.6,Debt consolidation
L001283,C000456,2022-03-01,Personal loan,13975.32,60,7.224,278.21,Home improvement
L001284,C000020,2022-08-01,Personal loan,50382.58,36,12.173,1677.59,Debt consolidation
L001285,C001473,2023-01-01,Auto loan,34071.02,60,4.363,633.07,Vehicle purchase
L001286,C000223,2018-02-01,Mortgage,267713.37,240,2.328,1396.31,Home purchase
L001287,C001885,2023-06-01,Personal loan,43056.71,36,4.169,1274.45,Home improvement
L001288,C001411,2022-09-01,Credit card,6725.57,60,21.36,201.77,Revolving credit
L001289,C001464,2022-05-01,Personal loan,20256.88,48,7.821,492.82,Debt consolidation
L001290,C001954,2022-06-01,Credit card,16472.54,60,16.033,494.18,Revolving credit
L001291,C001086,2023-02-01,Personal loan,15964.96,36,11.336,525.22,Debt consolidation
L001292,C001276,2023-04-01,Credit card,9236.7,60,20.995,277.1,Revolving credit
L001293,C000434,2021-09-01,Mortgage,264836.97,240,4.393,1660.28,Home purchase
L001294,C001427,2023-04-01,Personal loan,17529.26,36,10.189,567.18,Home improvement
L001295,C000357,2022-08-01,Personal loan,3302.05,36,12.184,109.97,Debt consolidation
L001296,C000011,2021-01-01,Mortgage,263924.44,240,3.554,1537.98,Home purchase
L001297,C000842,2018-04-01,Mortgage,194374.12,240,4.589,1239.06,Home purchase
L001298,C000372,2023-01-01,Auto loan,36901.55,60,6.554,722.95,Vehicle purchase
L001299,C000775,2021-12-01,Personal loan,35152.2,60,5.918,678.26,Home improvement
L001300,C000266,2023-09-01,Personal loan,24835.89,48,12.224,656.75,Debt consolidation
L001301,C001237,2019-02-01,Mortgage,296880.66,240,5.674,2071.51,Home purchase
L001302,C000699,2022-06-01,Credit card,3990.29,60,12.896,119.71,Revolving credit
L001303,C001258,2021-12-01,Personal loan,41302.01,60,15.671,997.17,Debt consolidation
L001304,C000742,2023-05-01,Personal loan,19601.25,48,14.821,543.74,Major purchase
L001305,C001160,2023-06-01,Credit card,13315.13,60,17.193,399.45,Revolving credit
L001306,C000137,2023-03-01,Personal loan,41667.73,24,8.488,1893.81,Major purchase
L001307,C001701,2022-09-01,Personal loan,36776.74,72,12.818,734.74,Education
L001308,C000735,2023-09-01,Credit card,14040.22,60,23.246,421.21,Revolving credit
L001309,C000933,2021-09-01,Mortgage,372700.46,180,2.323,2454.16,Home purchase
L001310,C001490,2023-03-01,Personal loan,5667.16,60,5.672,108.7,Major purchase
L001311,C000146,2021-04-01,Mortgage,396470.2,300,5.011,2320.28,Home purchase
L001312,C000554,2023-02-01,Credit card,20604.13,60,14.382,618.12,Revolving credit
L001313,C000924,2022-05-01,Personal loan,22031.12,48,6.83,525.83,Debt consolidation
L001314,C001217,2023-09-01,Credit card,10570.07,60,18.89,317.1,Revolving credit
L001315,C000516,2023-01-01,Credit card,10542.9,60,19.089,316.29,Revolving credit
L001316,C001605,2023-09-01,Personal loan,19808.55,60,11.221,432.87,Education
L001317,C000546,2022-10-01,Personal loan,11800.49,36,6.974,364.23,Home improvement
L001318,C000413,2023-08-01,Auto loan,22051.2,60,5.681,423.05,Vehicle purchase
L001319,C000603,2023-06-01,Auto loan,60723.37,48,6.105,1429.01,Vehicle purchase
L001320,C000495,2023-06-01,Personal loan,40220.16,36,7.393,1249.13,Debt consolidation
L001321,C000062,2022-01-01,Personal loan,12915.43,48,15.071,359.91,Home improvement
L001322,C002001,2023-03-01,Credit card,17711.22,60,15.16,531.34,Revolving credit
L001323,C001126,2023-09-01,Credit card,12740.23,60,16.785,382.21,Revolving credit
L001324,C001487,2022-08-01,Personal loan,6593.97,36,10.512,214.36,Home improvement
L001325,C001925,2023-04-01,Auto loan,17684.9,36,8.645,559.46,Vehicle purchase
L001326,C001928,2023-05-01,Auto loan,54842.77,48,8.502,1351.83,Vehicle purchase
L001327,C001771,2023-03-01,Personal loan,11318.9,36,5.895,343.81,Debt consolidation
L001328,C001333,2022-07-01,Personal loan,11493.64,48,15.734,324.17,Debt consolidation
L001329,C000174,2022-01-01,Mortgage,318417.71,300,2.997,1509.51,Home purchase
L001330,C000904,2022-02-01,Credit card,6987.28,60,22.469,209.62,Revolving credit
L001331,C001881,2023-03-01,Personal loan,21325.56,36,8.036,668.62,Major purchase
L001332,C001496,2023-09-01,Auto loan,13223.39,72,9.961,244.72,Vehicle purchase
L001333,C001394,2022-06-01,Credit card,9950.99,60,16.439,298.53,Revolving credit
L001334,C000922,2022-09-01,Personal loan,39303.42,36,4.067,1161.57,Home improvement
L001335,C001870,2023-02-01,Personal loan,40392.97,60,5.985,780.62,Debt consolidation
L001336,C001488,2022-08-01,Personal loan,36177.3,48,5.609,843.16,Major purchase
L001337,C001512,2023-07-01,Auto loan,42662.42,60,9.714,900.46,Vehicle purchase
L001338,C000729,2022-08-01,Auto loan,60858.2,48,8.016,1486.18,Vehicle purchase
L001339,C000203,2023-04-01,Auto loan,39126.48,48,3.458,873.99,Vehicle purchase
L001340,C000639,2022-09-01,Personal loan,19648.71,60,12.644,443.49,Home improvement
L001341,C000612,2023-02-01,Mortgage,326159.59,180,2.279,2141.04,Home purchase
L001342,C000124,2021-11-01,Credit card,21651.59,60,16.663,649.55,Revolving credit
L001343,C001820,2023-04-01,Personal loan,31549.23,24,9.172,1443.81,Debt consolidation
L001344,C000954,2023-09-01,Personal loan,54098.56,60,9.43,1134.33,Home improvement
L001345,C001188,2022-02-01,Credit card,2203.9,60,16.966,66.12,Revolving credit
L001346,C001260,2023-08-01,Auto loan,43604.32,36,5.07,1308.23,Vehicle purchase
L001347,C000293,2023-09-01,Auto loan,51696.93,72,4.463,819.76,Vehicle purchase
L001348,C001125,2023-10-01,Auto loan,19968.05,36,5.741,605.12,Vehicle purchase
L001349,C001297,2022-02-01,Personal loan,24593.32,60,9.249,513.5,Major purchase
L001350,C001439,2023-06-01,Personal loan,40407.6,72,9.595,740.35,Major purchase
L001351,C001372,2021-07-01,Personal loan,7122.18,60,6.055,137.87,Major purchase
L001352,C000459,2023-02-01,Personal loan,8462.0,60,15.369,202.95,Home improvement
L001353,C000029,2022-02-01,Credit card,9081.97,60,12.863,272.46,Revolving credit
L001354,C000082,2021-11-01,Credit card,11613.03,60,21.519,348.39,Revolving credit
L001355,C000160,2022-07-01,Personal loan,3776.59,72,12.678,75.17,Debt consolidation
L001356,C000469,2021-09-01,Personal loan,40380.16,60,15.11,962.97,Home improvement
L001357,C001833,2021-02-01,Mortgage,194418.74,180,4.64,1501.23,Home purchase
L001358,C001355,2022-07-01,Auto loan,16878.41,60,7.907,341.48,Vehicle purchase
L001359,C001141,2023-08-01,Credit card,21331.99,60,12.928,639.96,Revolving credit
L001360,C001111,2022-01-01,Personal loan,41268.24,48,9.873,1044.15,Debt consolidation
L001361,C000552,2021-12-01,Personal loan,5798.03,60,6.632,113.81,Debt consolidation
L001362,C001456,2022-01-01,Credit card,5925.12,60,18.906,177.75,Revolving credit
L001363,C001828,2021-11-01,Auto loan,57603.65,60,10.26,1231.3,Vehicle purchase
L001364,C000238,2019-04-01,Mortgage,277732.16,300,5.604,1722.88,Home purchase
L001365,C000740,2021-04-01,Auto loan,44595.3,72,6.055,740.23,Vehicle purchase
L001366,C000847,2021-12-01,Personal loan,33327.18,60,8.088,677.16,Debt consolidation
L001367,C000109,2022-01-01,Credit card,9474.7,60,23.005,284.24,Revolving credit
L001368,C000147,2022-09-01,Credit card,23474.13,60,16.727,704.22,Revolving credit
L001369,C001180,2022-10-01,Auto loan,53743.83,48,6.25,1268.34,Vehicle purchase
L001370,C000482,2022-03-01,Auto loan,35751.93,60,9.771,755.6,Vehicle purchase
L001371,C000059,2023-08-01,Personal loan,46554.44,36,9.221,1485.21,Debt consolidation
L001372,C000772,2023-04-01,Auto loan,26966.51,72,8.586,480.56,Vehicle purchase
L001373,C000542,2019-08-01,Mortgage,296758.23,180,3.954,2188.18,Home purchase
L001374,C001811,2021-08-01,Mortgage,381809.05,240,3.269,2169.27,Home purchase
L001375,C001060,2023-06-01,Auto loan,60991.9,60,4.674,1141.91,Vehicle purchase
L001376,C000184,2023-10-01,Auto loan,46905.96,48,7.14,1126.28,Vehicle purchase
L001377,C001054,2023-07-01,Mortgage,359141.13,240,4.189,2212.28,Home purchase
L001378,C001449,2023-02-01,Personal loan,23828.55,36,4.218,705.83,Major purchase
L001379,C001633,2023-05-01,Auto loan,32011.02,60,4.114,591.17,Vehicle purchase
L001380,C000155,2021-07-01,Personal loan,22841.38,60,6.125,442.92,Debt consolidation
L001381,C000373,2022-10-01,Auto loan,40150.85,48,6.902,959.64,Vehicle purchase
L001382,C001843,2018-02-01,Mortgage,209490.09,300,5.654,1305.73,Home purchase
L001383,C000346,2023-03-01,Auto loan,25097.61,48,8.543,619.12,Vehicle purchase
L001384,C000152,2022-08-01,Credit card,20605.34,60,18.338,618.16,Revolving credit
L001385,C001608,2023-05-01,Auto loan,14548.45,60,7.974,294.81,Vehicle purchase
L001386,C000831,2023-05-01,Personal loan,40671.16,60,7.745,819.7,Major purchase
L001387,C001549,2019-01-01,Mortgage,233839.29,240,5.342,1587.81,Home purchase
L001388,C001727,2022-05-01,Credit card,4877.51,60,19.074,146.33,Revolving credit
L001389,C001232,2022-10-01,Auto loan,42178.36,36,4.898,1262.19,Vehicle purchase
L001390,C000491,2022-05-01,Mortgage,190619.37,240,5.786,1342.2,Home purchase
L001391,C000914,2023-08-01,Mortgage,206979.83,300,1.889,866.11,Home purchase
L001392,C002033,2023-09-01,Credit card,22763.89,60,13.363,682.92,Revolving credit
L001393,C001031,2022-06-01,Personal loan,42185.76,48,6.352,997.55,Debt consolidation
L001394,C000593,2018-03-01,Mortgage,102681.41,300,3.034,488.75,Home purchase
L001395,C000228,2022-12-01,Credit card,11411.67,60,17.59,342.35,Revolving credit
L001396,C001572,2023-04-01,Auto loan,43572.45,48,6.502,1033.36,Vehicle purchase
L001397,C001780,2023-08-01,Auto loan,16941.05,48,6.235,399.69,Vehicle purchase
L001398,C000641,2020-03-01,Mortgage,180938.73,180,3.007,1250.13,Home purchase
L001399,C002030,2023-02-01,Credit card,3323.81,60,16.91,99.71,Revolving credit
L001400,C001256,2023-04-01,Personal loan,40736.3,24,12.595,1928.94,Home improvement
L001401,C001022,2022-07-01,Credit card,23212.93,60,17.902,696.39,Revolving credit
L001402,C001930,2023-02-01,Auto loan,24005.36,36,4.611,715.28,Vehicle purchase
L001403,C001768,2018-09-01,Mortgage,153772.78,180,4.471,1174.04,Home purchase
L001404,C001059,2022-04-01,Personal loan,43512.23,48,15.43,1220.48,Major purchase
L001405,C001636,2022-04-01,Auto loan,42304.14,48,8.207,1036.88,Vehicle purchase
L001406,C000823,2023-10-01,Credit card,23525.57,60,20.57,705.77,Revolving credit
L001407,C000674,2022-01-01,Auto loan,12309.15,72,6.934,209.47,Vehicle purchase
L001408,C000956,2022-04-01,Personal loan,53564.96,60,6.652,1051.87,Home improvement
L001409,C001303,2023-02-01,Personal loan,48388.18,36,7.308,1500.9,Home improvement
L001410,C000192,2021-08-01,Credit card,11930.34,60,14.773,357.91,Revolving credit
L001411,C001907,2022-05-01,Personal loan,21249.54,48,6.284,501.81,Major purchase
L001412,C002029,2022-04-01,Personal loan,18171.71,60,15.58,437.86,Education
L001413,C000493,2022-10-01,Credit card,8835.73,60,20.187,265.07,Revolving credit
L001414,C001768,2021-11-01,Credit card,22295.74,60,14.464,668.87,Revolving credit
L001415,C001056,2022-05-01,Credit card,16349.58,60,22.643,490.49,Revolving credit
L001416,C001816,2022-12-01,Personal loan,16918.85,60,8.24,345.0,Debt consolidation
L001417,C000288,2022-07-01,Personal loan,25956.78,36,7.179,803.59,Education
L001418,C000272,2022-08-01,Credit card,20186.36,60,16.299,605.59,Revolving credit
L001419,C001751,2022-10-01,Mortgage,291859.51,300,2.268,1275.47,Home purchase
L001420,C000805,2023-03-01,Personal loan,49264.88,36,7.804,1539.34,Home improvement
L001421,C000717,2023-01-01,Auto loan,13692.94,36,5.662,414.47,Vehicle purchase
L001422,C001197,2022-04-01,Credit card,16707.56,60,16.583,501.23,Revolving credit
L001423,C001967,2023-05-01,Personal loan,25286.96,60,5.486,482.85,Debt consolidation
L001424,C000791,2021-09-01,Auto loan,55363.91,60,6.964,1095.33,Vehicle purchase
L001425,C001278,2022-01-01,Auto loan,56581.12,60,4.055,1043.42,Vehicle purchase
L001426,C001545,2022-04-01,Auto loan,50568.3,48,9.533,1271.23,Vehicle purchase
L001427,C000871,2022-09-01,Credit card,19415.69,60,16.39,582.47,Revolving credit
L001428,C001967,2023-04-01,Personal loan,9170.67,36,4.219,271.65,Debt consolidation
L001429,C000168,2022-11-01,Personal loan,49216.09,60,15.217,1176.47,Major purchase
L001430,C000973,2022-01-01,Personal loan,40824.46,60,4.072,753.18,Education
L001431,C000486,2023-10-01,Auto loan,56844.71,48,4.954,1307.9,Vehicle purchase
L001432,C000442,2023-06-01,Personal loan,54259.14,36,7.922,1698.33,Debt consolidation
L001433,C000442,2022-03-01,Credit card,20533.91,60,23.819,616.02,Revolving credit
L001434,C001706,2023-01-01,Personal loan,39366.71,36,14.723,1359.33,Major purchase
L001435,C000112,2022-09-01,Mortgage,415791.35,240,3.879,2493.26,Home purchase
L001436,C001577,2023-02-01,Personal loan,34640.23,48,13.967,946.02,Home improvement
L001437,C000478,2021-09-01,Credit card,9364.92,60,21.667,280.95,Revolving credit
L001438,C001263,2022-02-01,Auto loan,61870.47,60,9.467,1298.39,Vehicle purchase
L001439,C000177,2023-07-01,Personal loan,17366.31,60,7.899,351.29,Debt consolidation
L001440,C000130,2021-09-01,Auto loan,56289.79,60,6.488,1101.07,Vehicle purchase
L001441,C000403,2022-04-01,Credit card,7157.81,60,19.841,214.73,Revolving credit
L001442,C000109,2023-08-01,Credit card,16918.33,60,16.607,507.55,Revolving credit
L001443,C000775,2021-09-01,Credit card,5176.89,60,12.66,155.31,Revolving credit
L001444,C001329,2021-08-01,Credit card,19396.89,60,19.44,581.91,Revolving credit
L001445,C000629,2023-01-01,Personal loan,53292.45,60,8.832,1101.93,Debt consolidation
L001446,C001880,2020-02-01,Mortgage,120233.64,180,5.7,995.23,Home purchase
L001447,C000295,2022-10-01,Credit card,7340.59,60,22.127,220.22,Revolving credit
L001448,C000554,2021-07-01,Auto loan,44268.39,60,3.956,814.39,Vehicle purchase
L001449,C001020,2023-08-01,Auto loan,29414.92,48,5.836,688.61,Vehicle purchase
L001450,C001825,2023-05-01,Personal loan,50393.62,24,6.251,2239.18,Home improvement
L001451,C000454,2023-09-01,Personal loan,47252.25,48,6.763,1126.33,Home improvement
L001452,C000540,2023-08-01,Personal loan,45525.87,48,12.429,1208.49,Home improvement
L001453,C001563,2022-11-01,Personal loan,22171.3,72,11.676,429.73,Education
L001454,C001202,2021-11-01,Personal loan,17640.65,60,6.068,341.6,Debt consolidation
L001455,C000819,2021-10-01,Credit card,23907.62,60,20.826,717.23,Revolving credit
L001456,C000948,2023-05-01,Credit card,9289.89,60,17.58,278.7,Revolving credit
L001457,C001433,2021-11-01,Auto loan,56974.17,60,8.658,1173.26,Vehicle purchase
L001458,C001464,2023-03-01,Auto loan,50872.93,48,6.296,1201.68,Vehicle purchase
L001459,C001252,2022-05-01,Personal loan,43398.01,48,11.589,1134.09,Home improvement
L001460,C000706,2023-03-01,Credit card,19048.52,60,19.953,571.46,Revolving credit
L001461,C002010,2023-07-01,Credit card,4446.71,60,23.769,133.4,Revolving credit
L001462,C000248,2022-08-01,Mortgage,186203.96,180,1.863,1186.5,Home purchase
L001463,C001905,2023-10-01,Credit card,13047.8,60,22.474,391.43,Revolving credit
L001464,C000546,2019-04-01,Mortgage,408878.12,180,4.442,3115.86,Home purchase
L001465,C001938,2022-08-01,Credit card,18192.68,60,18.407,545.78,Revolving credit
L001466,C001253,2023-06-01,Personal loan,14007.93,24,9.284,641.78,Debt consolidation
L001467,C001651,2023-07-01,Personal loan,32366.32,48,15.158,903.37,Debt consolidation
L001468,C001459,2023-06-01,Credit card,4819.01,60,13.585,144.57,Revolving credit
L001469,C000916,2023-01-01,Personal loan,40322.25,36,13.015,1358.9,Home improvement
L001470,C001932,2023-07-01,Personal loan,18984.59,60,10.87,411.54,Home improvement
L001471,C001859,2021-11-01,Personal loan,33310.67,72,9.838,614.39,Debt consolidation
L001472,C000534,2022-05-01,Personal loan,48243.91,60,7.568,968.26,Major purchase
L001473,C000846,2022-05-01,Credit card,19873.77,60,17.763,596.21,Revolving credit
L001474,C001883,2021-07-01,Credit card,3484.98,60,23.614,104.55,Revolving credit
L001475,C000640,2023-05-01,Auto loan,52740.89,60,7.597,1059.26,Vehicle purchase
L001476,C000214,2023-07-01,Personal loan,31014.11,48,15.78,875.45,Debt consolidation
L001477,C000903,2023-01-01,Personal loan,26160.83,36,8.928,831.03,Education
L001478,C000420,2023-07-01,Credit card,20249.68,60,22.801,607.49,Revolving credit
L001479,C000875,2022-12-01,Auto loan,23696.14,60,7.82,478.44,Vehicle purchase
L001480,C001886,2022-08-01,Credit card,17822.03,60,17.929,534.66,Revolving credit
L001481,C000863,2023-07-01,Personal loan,4024.82,48,5.226,93.1,Education
L001482,C000752,2021-12-01,Credit card,14192.88,60,16.854,425.79,Revolving credit
L001483,C001455,2023-01-01,Credit card,5432.28,60,19.911,162.97,Revolving credit
L001484,C000554,2023-10-01,Auto loan,10254.56,48,5.209,237.13,Vehicle purchase
L001485,C001541,2022-05-01,Personal loan,40131.67,72,14.338,834.23,Home improvement
L001486,C000950,2023-03-01,Credit card,10226.51,60,13.126,306.8,Revolving credit
L001487,C001534,2022-04-01,Auto loan,31391.17,48,6.098,738.63,Vehicle purchase
L001488,C001376,2021-07-01,Mortgage,263946.88,240,3.205,1491.07,Home purchase
L001489,C000112,2022-04-01,Auto loan,51122.37,60,3.442,928.68,Vehicle purchase
L001490,C000764,2022-03-01,Personal loan,21854.01,60,13.797,506.21,Debt consolidation
L001491,C000113,2023-04-01,Personal loan,25381.29,36,15.202,882.36,Major purchase
L001492,C000186,2021-02-01,Mortgage,243659.24,180,4.045,1807.87,Home purchase
L001493,C001629,2022-01-01,Personal loan,28279.58,48,14.463,779.37,Debt consolidation
L001494,C000235,2023-06-01,Personal loan,6314.48,36,11.704,208.84,Home improvement
L001495,C001374,2022-02-01,Personal loan,17899.22,48,4.354,406.99,Debt consolidation
L001496,C001026,2021-12-01,Credit card,8132.28,60,13.75,243.97,Revolving credit
L001497,C001274,2023-06-01,Personal loan,33448.21,36,10.938,1094.07,Debt consolidation
L001498,C000143,2023-04-01,Personal loan,37808.41,24,5.756,1671.54,Debt consolidation
L001499,C002005,2022-09-01,Credit card,2728.65,60,19.545,81.86,Revolving credit
L001500,C001694,2023-05-01,Auto loan,53096.63,48,6.493,1259.01,Vehicle purchase
L001501,C000354,2022-07-01,Personal loan,33844.48,72,7.779,589.75,Debt consolidation
L001502,C000473,2023-05-01,Personal loan,28552.03,48,6.121,672.12,Debt consolidation
L001503,C000598,2023-08-01,Personal loan,47100.5,36,8.108,1478.31,Debt consolidation
L001504,C001534,2022-11-01,Auto loan,17575.21,60,9.499,369.1,Vehicle purchase
L001505,C002047,2023-01-01,Credit card,6758.34,60,23.867,202.75,Revolving credit
L001506,C000461,2022-10-01,Credit card,15959.4,60,14.581,478.78,Revolving credit
L001507,C000091,2023-09-01,Credit card,10122.84,60,16.329,303.69,Revolving credit
L001508,C000962,2022-08-01,Mortgage,242096.27,180,2.368,1599.28,Home purchase
L001509,C000933,2021-11-01,Credit card,15878.91,60,20.312,476.37,Revolving credit
L001510,C000647,2022-03-01,Credit card,11164.93,60,22.486,334.95,Revolving credit
L001511,C000878,2023-08-01,Personal loan,19087.51,60,6.052,369.47,Education
L001512,C001706,2023-07-01,Mortgage,311057.87,180,4.998,2459.45,Home purchase
L001513,C000725,2022-12-01,Credit card,23896.1,60,21.366,716.88,Revolving credit
L001514,C001597,2021-12-01,Credit card,19539.71,60,20.36,586.19,Revolving credit
L001515,C000599,2023-05-01,Personal loan,43411.48,48,14.208,1190.82,Home improvement
L001516,C001617,2022-10-01,Personal loan,39520.16,60,4.808,742.33,Home improvement
L001517,C000020,2022-03-01,Mortgage,403870.91,300,3.095,1935.18,Home purchase
L001518,C000383,2022-01-01,Credit card,6668.33,60,22.72,200.05,Revolving credit
L001519,C001637,2023-01-01,Personal loan,21977.17,24,8.847,1002.48,Home improvement
L001520,C000260,2019-12-01,Mortgage,243891.14,240,3.482,1412.23,Home purchase
L001521,C001553,2021-11-01,Mortgage,229049.01,240,2.046,1163.69,Home purchase
L001522,C000427,2023-04-01,Auto loan,21428.32,60,8.587,440.53,Vehicle purchase
L001523,C001713,2023-02-01,Personal loan,13271.66,48,9.539,333.67,Home improvement
L001524,C000538,2018-09-01,Mortgage,130007.27,240,4.161,798.92,Home purchase
L001525,C000116,2022-10-01,Mortgage,178646.43,180,3.615,1287.21,Home purchase
L001526,C000843,2023-05-01,Personal loan,27645.67,24,7.706,1246.64,Major purchase
L001527,C001208,2023-02-01,Mortgage,116267.49,240,2.111,594.33,Home purchase
L001528,C001427,2023-04-01,Personal loan,35667.35,60,14.285,835.2,Major purchase
L001529,C001326,2022-01-01,Personal loan,28207.76,48,10.743,725.53,Home improvement
L001530,C001044,2023-05-01,Personal loan,31654.92,24,14.965,1534.32,Education
L001531,C000410,2021-11-01,Auto loan,44181.95,60,3.823,810.14,Vehicle purchase
L001532,C001714,2022-08-01,Personal loan,13416.03,72,15.403,286.63,Home improvement
L001533,C001855,2023-03-01,Auto loan,34657.29,60,8.269,707.19,Vehicle purchase
L001534,C000017,2023-03-01,Credit card,18563.6,60,22.24,556.91,Revolving credit
L001535,C001240,2022-05-01,Mortgage,310489.84,240,4.878,2028.31,Home purchase
L001536,C000696,2023-07-01,Credit card,3434.04,60,21.117,103.02,Revolving credit
L001537,C001853,2023-02-01,Personal loan,38855.05,48,12.145,1025.97,Debt consolidation
L001538,C001372,2023-03-01,Personal loan,3062.96,48,5.213,70.83,Home improvement
L001539,C001551,2021-08-01,Credit card,8189.52,60,17.516,245.69,Revolving credit
L001540,C001458,2019-06-01,Mortgage,339533.0,240,3.369,1946.42,Home purchase
L001541,C000658,2023-04-01,Credit card,13502.71,60,14.664,405.08,Revolving credit
L001542,C001265,2023-07-01,Personal loan,21664.49,60,11.919,481.03,Debt consolidation
L001543,C001483,2022-04-01,Credit card,10619.79,60,21.63,318.59,Revolving credit
L001544,C000804,2023-08-01,Credit card,5885.98,60,18.169,176.58,Revolving credit
L001545,C000870,2021-10-01,Mortgage,206310.09,300,3.188,998.68,Home purchase
L001546,C001380,2022-05-01,Credit card,16461.12,60,19.419,493.83,Revolving credit
L001547,C001892,2023-07-01,Auto loan,36587.0,48,7.783,889.48,Vehicle purchase
L001548,C000899,2022-11-01,Personal loan,49648.97,60,7.107,985.62,Education
L001549,C000603,2022-03-01,Personal loan,10415.48,72,8.257,183.92,Home improvement
L001550,C000081,2023-03-01,Personal loan,16077.36,48,8.488,396.19,Major purchase
L001551,C001313,2023-07-01,Personal loan,36527.69,48,8.664,903.17,Debt consolidation
L001552,C000936,2023-08-01,Personal loan,44846.79,36,12.571,1501.82,Home improvement
L001553,C000588,2023-10-01,Auto loan,13666.16,60,7.713,275.23,Vehicle purchase
L001554,C001826,2023-03-01,Personal loan,32753.88,60,15.791,792.87,Debt consolidation
L001555,C002026,2023-01-01,Personal loan,39516.84,36,8.446,1246.45,Debt consolidation
L001556,C001260,2023-05-01,Mortgage,376616.21,240,4.083,2298.71,Home purchase
L001557,C000201,2021-07-01,Credit card,18961.07,60,15.403,568.83,Revolving credit
L001558,C000996,2018-09-01,Mortgage,189463.84,300,5.661,1181.73,Home purchase
L001559,C000958,2018-12-01,Mortgage,325318.77,180,4.832,2544.29,Home purchase
L001560,C000070,2023-02-01,Mortgage,311174.22,240,5.646,2166.33,Home purchase
L001561,C001635,2022-05-01,Mortgage,315975.42,300,4.881,1825.4,Home purchase
L001562,C001297,2023-04-01,Personal loan,21600.8,36,11.78,715.19,Education
L001563,C001601,2022-01-01,Personal loan,53946.73,60,5.918,1040.89,Major purchase
L001564,C000236,2022-03-01,Personal loan,27693.98,48,4.889,636.38,Debt consolidation
L001565,C001542,2022-02-01,Credit card,15527.08,60,15.185,465.81,Revolving credit
L001566,C000873,2021-07-01,Mortgage,154901.23,240,5.746,1087.14,Home purchase
L001567,C001229,2021-12-01,Credit card,10606.62,60,19.519,318.2,Revolving credit
L001568,C000301,2021-11-01,Personal loan,50987.13,72,12.253,1003.52,Education
L001569,C002013,2022-11-01,Credit card,2086.1,60,15.59,62.58,Revolving credit
L001570,C000552,2023-06-01,Personal loan,40573.88,48,7.873,988.11,Debt consolidation
L001571,C000988,2023-05-01,Credit card,2573.18,60,23.728,77.2,Revolving credit
L001572,C000277,2022-12-01,Personal loan,10809.41,60,11.05,235.29,Home improvement
L001573,C001898,2022-02-01,Personal loan,5900.45,60,9.031,122.57,Education
L001574,C001759,2023-07-01,Credit card,13715.82,60,19.467,411.47,Revolving credit
L001575,C000852,2022-03-01,Personal loan,21949.92,60,8.102,446.14,Home improvement
L001576,C000135,2023-01-01,Credit card,18147.22,60,15.965,544.42,Revolving credit
L001577,C001799,2022-05-01,Credit card,6311.34,60,17.651,189.34,Revolving credit
L001578,C001711,2022-07-01,Credit card,21770.38,60,16.185,653.11,Revolving credit
L001579,C001497,2019-06-01,Mortgage,111983.52,240,4.719,721.76,Home purchase
L001580,C000563,2020-07-01,Mortgage,369072.31,240,3.625,2164.34,Home purchase
L001581,C001463,2023-04-01,Personal loan,40933.0,24,13.165,1949.19,Major purchase
L001582,C000752,2022-09-01,Credit card,2696.58,60,15.872,80.9,Revolving credit
L001583,C000647,2023-10-01,Personal loan,12088.63,36,13.15,408.19,Home improvement
L001584,C002018,2021-07-01,Credit card,9132.0,60,20.696,273.96,Revolving credit
L001585,C000376,2021-10-01,Personal loan,8072.35,60,15.185,192.82,Home improvement
L001586,C000916,2020-09-01,Mortgage,416722.97,180,3.801,3041.04,Home purchase
L001587,C000273,2021-10-01,Credit card,9643.86,60,23.261,289.32,Revolving credit
L001588,C001940,2023-09-01,Auto loan,26049.74,48,3.251,579.49,Vehicle purchase
L001589,C000502,2022-04-01,Personal loan,49471.64,48,6.477,1172.7,Major purchase
L001590,C001320,2022-03-01,Credit card,10569.19,60,22.185,317.08,Revolving credit
L001591,C002011,2022-01-01,Credit card,13436.1,60,15.484,403.08,Revolving credit
L001592,C000068,2021-08-01,Auto loan,17634.21,60,9.805,372.99,Vehicle purchase
L001593,C001668,2022-12-01,Personal loan,32654.24,60,10.457,701.17,Home improvement
L001594,C001834,2021-10-01,Auto loan,61013.28,72,9.44,1113.18,Vehicle purchase
L001595,C001736,2021-08-01,Credit card,4480.4,60,21.169,134.41,Revolving credit
L001596,C000656,2022-04-01,Credit card,18215.35,60,20.402,546.46,Revolving credit
L001597,C000453,2022-03-01,Auto loan,29599.15,60,9.705,624.61,Vehicle purchase
L001598,C000045,2022-03-01,Personal loan,14716.43,60,11.765,325.61,Home improvement
L001599,C001923,2022-09-01,Personal loan,16567.9,36,6.297,506.26,Debt consolidation
L001600,C001101,2021-11-01,Credit card,3870.49,60,20.849,116.11,Revolving credit
L001601,C000363,2022-01-01,Credit card,16570.92,60,22.248,497.13,Revolving credit
L001602,C000655,2022-08-01,Personal loan,7875.63,36,7.251,244.08,Debt consolidation
L001603,C002006,2023-03-01,Credit card,18981.36,60,17.245,569.44,Revolving credit
L001604,C000281,2023-06-01,Personal loan,52270.49,36,4.596,1557.13,Debt consolidation
L001605,C001303,2023-02-01,Personal loan,28522.04,60,13.184,651.65,Home improvement
L001606,C001396,2021-11-01,Mortgage,287141.29,180,4.927,2259.78,Home purchase
L001607,C000180,2023-03-01,Auto loan,37576.28,60,9.253,784.64,Vehicle purchase
L001608,C000919,2018-10-01,Mortgage,389931.34,300,4.755,2224.29,Home purchase
L001609,C000915,2023-05-01,Personal loan,50930.18,48,6.745,1213.57,Debt consolidation
L001610,C001179,2022-08-01,Credit card,3789.33,60,16.893,113.68,Revolving credit
L001611,C001547,2022-01-01,Credit card,17818.75,60,19.752,534.56,Revolving credit
L001612,C001005,2021-04-01,Mortgage,203125.99,240,2.202,1047.09,Home purchase
L001613,C000544,2022-04-01,Auto loan,13378.84,60,5.283,254.21,Vehicle purchase
L001614,C001799,2023-01-01,Personal loan,18326.64,60,11.773,405.57,Major purchase
L001615,C000442,2023-02-01,Credit card,9935.84,60,15.133,298.08,Revolving credit
L001616,C001162,2023-08-01,Personal loan,18868.4,60,8.285,385.16,Home improvement
L001617,C001614,2023-10-01,Personal loan,19536.1,24,10.611,907.01,Home improvement
L001618,C000402,2022-06-01,Personal loan,25717.04,60,15.191,614.39,Debt consolidation
L001619,C000543,2023-02-01,Auto loan,61813.85,60,10.49,1328.32,Vehicle purchase
L001620,C000402,2023-06-01,Personal loan,27689.95,36,15.501,966.69,Major purchase
L001621,C000887,2023-03-01,Auto loan,11612.74,60,9.448,243.59,Vehicle purchase
L001622,C002006,2023-10-01,Mortgage,163164.58,300,2.437,726.83,Home purchase
L001623,C001498,2021-09-01,Credit card,22434.69,60,22.675,673.04,Revolving credit
L001624,C001514,2018-06-01,Mortgage,331359.72,240,3.187,1868.83,Home purchase
L001625,C000383,2022-03-01,Credit card,22062.35,60,21.609,661.87,Revolving credit
L001626,C000553,2022-04-01,Auto loan,9109.7,48,4.663,208.4,Vehicle purchase
L001627,C001859,2023-02-01,Auto loan,49738.63,60,7.766,1002.95,Vehicle purchase
L001628,C000803,2023-09-01,Auto loan,60470.71,72,3.433,930.54,Vehicle purchase
L001629,C000922,2022-07-01,Personal loan,13021.2,36,11.646,430.29,Home improvement
L001630,C000117,2022-01-01,Mortgage,133620.2,180,5.443,1087.74,Home purchase
L001631,C000320,2023-05-01,Personal loan,18770.98,36,15.673,656.91,Major purchase
L001632,C001475,2022-11-01,Personal loan,4940.48,48,10.878,127.4,Major purchase
L001633,C001462,2022-05-01,Personal loan,24095.88,60,4.665,451.03,Home improvement
L001634,C000243,2022-07-01,Personal loan,47995.35,36,8.59,1517.09,Debt consolidation
L001635,C000980,2022-02-01,Credit card,22488.05,60,17.913,674.64,Revolving credit
L001636,C001104,2023-09-01,Auto loan,28403.42,36,6.035,864.54,Vehicle purchase
L001637,C001944,2018-04-01,Mortgage,202316.06,180,2.357,1335.48,Home purchase
L001638,C001487,2022-01-01,Personal loan,43681.11,60,10.573,940.45,Education
L001639,C001153,2022-01-01,Auto loan,51480.48,48,9.163,1285.08,Vehicle purchase
L001640,C000378,2022-12-01,Personal loan,21402.83,60,13.94,497.34,Home improvement
L001641,C001974,2022-04-01,Credit card,12846.24,60,19.842,385.39,Revolving credit
L001642,C000700,2023-06-01,Auto loan,28081.15,60,5.103,531.26,Vehicle purchase
L001643,C000940,2022-02-01,Credit card,15582.48,60,23.247,467.47,Revolving credit
L001644,C001990,2020-02-01,Mortgage,167187.26,180,1.986,1074.75,Home purchase
L001645,C001518,2022-12-01,Personal loan,7780.07,60,11.542,171.27,Education
L001646,C001070,2022-09-01,Personal loan,36244.88,60,13.31,830.44,Major purchase
L001647,C001443,2020-05-01,Mortgage,304590.08,300,3.509,1526.26,Home purchase
L001648,C001979,2023-09-01,Personal loan,21170.94,36,5.912,643.22,Debt consolidation
L001649,C001956,2022-12-01,Personal loan,29786.83,48,9.838,753.16,Major purchase
L001650,C001972,2022-09-01,Mortgage,342962.6,180,4.837,2683.18,Home purchase
L001651,C000444,2023-05-01,Personal loan,52617.84,60,6.625,1032.61,Education
L001652,C001902,2023-06-01,Personal loan,14250.81,60,4.239,263.99,Home improvement
L001653,C000303,2022-11-01,Auto loan,38653.1,60,6.502,756.34,Vehicle purchase
L001654,C000313,2023-09-01,Personal loan,35822.82,24,7.679,1614.93,Debt consolidation
L001655,C001184,2022-10-01,Personal loan,5981.82,48,7.872,145.67,Education
L001656,C001091,2023-03-01,Personal loan,52934.66,48,13.823,1441.83,Major purchase
L001657,C001084,2022-08-01,Credit card,12095.16,60,13.151,362.85,Revolving credit
L001658,C000433,2022-01-01,Mortgage,355637.14,300,3.59,1797.56,Home purchase
L001659,C001893,2022-10-01,Personal loan,29708.97,36,11.431,978.7,Major purchase
L001660,C000014,2022-08-01,Credit card,9452.11,60,15.278,283.56,Revolving credit
L001661,C000614,2023-04-01,Auto loan,16017.65,36,8.326,504.35,Vehicle purchase
L001662,C000280,2023-07-01,Auto loan,39013.49,60,8.502,800.46,Vehicle purchase
L001663,C001954,2022-03-01,Auto loan,11102.3,72,5.256,180.12,Vehicle purchase
L001664,C000460,2022-04-01,Credit card,7660.41,60,14.04,229.81,Revolving credit
L001665,C000598,2022-12-01,Personal loan,49708.63,48,14.238,1364.3,Home improvement
L001666,C001339,2023-08-01,Personal loan,11166.54,36,12.718,374.73,Education
L001667,C000207,2023-05-01,Personal loan,27263.47,48,13.878,743.35,Debt consolidation
L001668,C001897,2023-07-01,Credit card,8324.62,60,17.546,249.74,Revolving credit
L001669,C000534,2022-08-01,Personal loan,8505.07,48,9.305,212.88,Major purchase
L001670,C002004,2023-09-01,Credit card,12977.96,60,14.726,389.34,Revolving credit
L001671,C001840,2023-05-01,Auto loan,32160.66,60,3.431,584.07,Vehicle purchase
L001672,C001220,2022-02-01,Auto loan,40553.79,72,10.408,759.67,Vehicle purchase
L001673,C000484,2023-05-01,Personal loan,45391.58,60,5.313,863.12,Home improvement
L001674,C000881,2022-12-01,Personal loan,43715.48,36,9.528,1400.9,Debt consolidation
L001675,C001250,2023-01-01,Auto loan,49833.53,48,6.327,1177.83,Vehicle purchase
L001676,C000958,2022-04-01,Credit card,9179.88,60,22.203,275.4,Revolving credit
L001677,C001003,2022-06-01,Personal loan,23155.06,48,5.911,542.85,Home improvement
L001678,C001984,2023-10-01,Auto loan,25073.1,72,4.286,395.55,Vehicle purchase
L001679,C001625,2023-10-01,Personal loan,34797.48,72,11.929,679.02,Debt consolidation
L001680,C000443,2022-11-01,Credit card,20430.03,60,14.915,612.9,Revolving credit
L001681,C001896,2023-02-01,Mortgage,393822.49,240,4.107,2408.84,Home purchase
L001682,C000093,2021-10-01,Credit card,11661.77,60,20.963,349.85,Revolving credit
L001683,C000158,2022-02-01,Auto loan,40990.75,60,3.653,748.51,Vehicle purchase
L001684,C000058,2022-02-01,Auto loan,26802.6,60,4.266,496.84,Vehicle purchase
L001685,C000928,2023-09-01,Auto loan,14324.27,48,3.778,322.01,Vehicle purchase
L001686,C001949,2021-11-01,Mortgage,184804.4,240,5.707,1292.96,Home purchase
L001687,C001542,2023-01-01,Auto loan,51442.43,60,9.687,1085.09,Vehicle purchase
L001688,C001692,2022-05-01,Credit card,17590.91,60,14.032,527.73,Revolving credit
L001689,C001944,2022-06-01,Personal loan,31997.6,48,9.765,807.94,Debt consolidation
L001690,C001367,2022-05-01,Auto loan,33287.17,60,10.081,708.58,Vehicle purchase
L001691,C001146,2023-07-01,Personal loan,4109.12,36,11.507,135.52,Debt consolidation
L001692,C000129,2023-06-01,Auto loan,32329.83,60,5.976,624.67,Vehicle purchase
L001693,C000989,2022-06-01,Mortgage,332569.06,180,4.784,2592.71,Home purchase
L001694,C000751,2018-08-01,Mortgage,215000.56,240,3.618,1259.96,Home purchase
L001695,C001276,2023-09-01,Credit card,17826.64,60,18.08,534.8,Revolving credit
L001696,C000974,2023-01-01,Auto loan,28336.49,48,4.237,642.82,Vehicle purchase
L001697,C000903,2022-08-01,Credit card,21489.92,60,17.922,644.7,Revolving credit
L001698,C000344,2021-12-01,Mortgage,392044.3,300,2.914,1841.72,Home purchase
L001699,C001739,2022-09-01,Auto loan,19552.68,60,9.446,410.13,Vehicle purchase
L001700,C001949,2022-07-01,Credit card,5369.74,60,20.419,161.09,Revolving credit
L001701,C000561,2021-08-01,Personal loan,33675.99,60,12.834,763.37,Debt consolidation
L001702,C001622,2023-08-01,Credit card,14438.22,60,15.638,433.15,Revolving credit
L001703,C000344,2023-10-01,Personal loan,22839.08,60,10.395,489.71,Debt consolidation
L001704,C001611,2022-09-01,Auto loan,43785.38,36,4.992,1312.14,Vehicle purchase
L001705,C001333,2020-01-01,Mortgage,141999.56,240,3.51,824.28,Home purchase
L001706,C001794,2023-01-01,Personal loan,37848.28,48,12.043,997.49,Education
L001707,C001192,2021-09-01,Personal loan,49209.36,60,13.698,1137.32,Major purchase
L001708,C000822,2023-03-01,Auto loan,55939.51,48,8.932,1390.26,Vehicle purchase
L001709,C001898,2023-09-01,Auto loan,52122.5,60,3.607,950.7,Vehicle purchase
L001710,C000183,2019-12-01,Mortgage,282063.19,240,1.877,1410.55,Home purchase
L001711,C001679,2023-06-01,Credit card,20909.31,60,20.882,627.28,Revolving credit
L001712,C000740,2022-04-01,Auto loan,9742.01,60,5.098,184.28,Vehicle purchase
L001713,C001589,2023-02-01,Personal loan,3277.98,24,11.789,153.98,Home improvement
L001714,C000595,2022-04-01,Credit card,14460.47,60,18.268,433.81,Revolving credit
L001715,C000527,2022-11-01,Personal loan,20288.54,36,10.192,656.48,Home improvement
L001716,C001309,2023-08-01,Auto loan,15685.45,48,7.559,379.69,Vehicle purchase
L001717,C000440,2022-12-01,Mortgage,415785.98,240,3.546,2421.22,Home purchase
L001718,C001187,2021-12-01,Credit card,4545.86,60,16.218,136.38,Revolving credit
L001719,C002015,2022-06-01,Credit card,10137.67,60,13.558,304.13,Revolving credit
L001720,C001383,2022-12-01,Personal loan,14153.9,36,6.0,430.59,Home improvement
L001721,C000800,2023-10-01,Personal loan,15182.22,48,6.216,358.06,Home improvement
L001722,C001807,2021-12-01,Personal loan,18679.17,60,9.049,388.19,Debt consolidation
L001723,C002001,2022-12-01,Personal loan,53990.52,60,5.248,1025.0,Home improvement
L001724,C001440,2022-10-01,Personal loan,43015.43,48,6.454,1019.2,Major purchase
L001725,C001713,2023-03-01,Credit card,22234.62,60,20.363,667.04,Revolving credit
L001726,C000678,2021-10-01,Personal loan,15394.43,60,13.863,357.11,Education
L001727,C000555,2022-08-01,Credit card,17948.85,60,23.608,538.47,Revolving credit
L001728,C000175,2021-05-01,Mortgage,360847.92,240,5.268,2435.19,Home purchase
L001729,C001049,2023-02-01,Personal loan,7937.86,60,14.573,187.07,Major purchase
L001730,C000226,2021-03-01,Mortgage,165796.63,300,2.901,777.75,Home purchase
L001731,C000465,2023-04-01,Mortgage,252829.25,240,5.484,1736.86,Home purchase
L001732,C001785,2021-04-01,Auto loan,14111.53,72,10.004,261.46,Vehicle purchase
L001733,C001913,2021-07-01,Credit card,13263.82,60,15.972,397.91,Revolving credit
L001734,C001457,2023-01-01,Credit card,14781.45,60,13.472,443.44,Revolving credit
L001735,C000222,2021-06-01,Mortgage,286394.48,300,2.508,1285.92,Home purchase
L001736,C000837,2019-08-01,Mortgage,342625.59,240,5.649,2385.73,Home purchase
L001737,C000073,2023-03-01,Personal loan,12738.8,48,13.561,345.31,Home improvement
L001738,C001668,2023-04-01,Credit card,4094.14,60,21.695,122.82,Revolving credit
L001739,C001791,2023-08-01,Personal loan,40023.87,60,10.723,864.69,Major purchase
L001740,C001233,2021-09-01,Auto loan,19918.42,72,7.162,341.14,Vehicle purchase
L001741,C000804,2023-03-01,Personal loan,35813.12,48,4.805,821.6,Home improvement
L001742,C001486,2022-12-01,Personal loan,51347.5,36,15.62,1795.62,Home improvement
L001743,C001848,2023-03-01,Personal loan,24031.57,36,14.437,826.45,Major purchase
L001744,C000257,2022-10-01,Personal loan,35566.43,36,10.048,1148.44,Major purchase
L001745,C001206,2023-09-01,Auto loan,59976.47,60,4.497,1118.06,Vehicle purchase
L001746,C000547,2023-10-01,Personal loan,20713.94,36,9.666,665.13,Debt consolidation
L001747,C000922,2022-10-01,Personal loan,38746.24,60,12.573,873.16,Home improvement
L001748,C001307,2023-09-01,Personal loan,23612.53,36,5.084,708.58,Debt consolidation
L001749,C000668,2022-08-01,Auto loan,57923.23,48,6.934,1385.27,Vehicle purchase
L001750,C000799,2019-10-01,Mortgage,308112.81,240,2.146,1580.02,Home purchase
L001751,C002005,2022-08-01,Credit card,2031.77,60,14.452,60.95,Revolving credit
L001752,C001380,2023-10-01,Personal loan,29300.14,60,15.198,700.1,Home improvement
L001753,C001721,2020-07-01,Mortgage,409291.51,240,5.606,2840.0,Home purchase
L001754,C001246,2022-03-01,Credit card,13246.46,60,20.445,397.39,Revolving credit
L001755,C001650,2022-07-01,Credit card,2563.94,60,20.31,76.92,Revolving credit
L001756,C001343,2022-12-01,Credit card,17260.33,60,16.906,517.81,Revolving credit
L001757,C000615,2022-09-01,Personal loan,53880.16,48,7.052,1291.54,Home improvement
L001758,C000013,2021-11-01,Credit card,20442.62,60,16.093,613.28,Revolving credit
L001759,C001038,2022-05-01,Credit card,11426.35,60,14.796,342.79,Revolving credit
L001760,C000288,2022-01-01,Personal loan,10513.38,48,13.116,282.65,Major purchase
L001761,C000981,2022-03-01,Credit card,20434.69,60,19.484,613.04,Revolving credit
L001762,C000832,2023-04-01,Personal loan,13175.96,36,9.264,420.61,Debt consolidation
L001763,C000613,2022-05-01,Personal loan,9383.54,48,10.576,240.59,Major purchase
L001764,C000966,2022-02-01,Credit card,23448.2,60,15.154,703.45,Revolving credit
L001765,C001048,2021-08-01,Mortgage,288969.28,180,2.588,1938.79,Home purchase
L001766,C000632,2023-08-01,Credit card,15885.91,60,14.61,476.58,Revolving credit
L001767,C001820,2021-12-01,Auto loan,37529.73,60,6.435,733.17,Vehicle purchase
L001768,C001763,2023-03-01,Credit card,19321.1,60,22.7,579.63,Revolving credit
L001769,C001739,2023-06-01,Personal loan,16326.98,48,4.653,373.44,Home improvement
L001770,C001435,2022-09-01,Personal loan,30900.39,60,5.31,587.53,Debt consolidation
L001771,C001640,2023-04-01,Personal loan,21945.14,48,7.12,526.73,Debt consolidation
L001772,C001323,2023-03-01,Personal loan,27183.88,48,11.987,715.69,Home improvement
L001773,C000034,2022-01-01,Personal loan,35339.62,48,10.029,896.8,Debt consolidation
L001774,C001283,2023-10-01,Auto loan,58278.15,36,5.151,1750.61,Vehicle purchase
L001775,C001998,2021-09-01,Credit card,6964.96,60,15.773,208.95,Revolving credit
L001776,C001997,2022-08-01,Credit card,22197.1,60,19.399,665.91,Revolving credit
L001777,C001552,2022-07-01,Auto loan,13482.4,72,10.021,249.91,Vehicle purchase
L001778,C001951,2021-07-01,Auto loan,51661.43,72,7.664,897.34,Vehicle purchase
L001779,C001308,2023-10-01,Personal loan,21633.95,60,8.453,443.36,Debt consolidation
L001780,C000224,2022-11-01,Personal loan,34816.98,60,11.29,762.05,Home improvement
L001781,C000643,2019-03-01,Mortgage,376654.76,240,3.224,2131.35,Home purchase
L001782,C001267,2022-02-01,Personal loan,7363.9,60,13.129,168.04,Debt consolidation
L001783,C000213,2022-07-01,Personal loan,7115.09,48,7.86,173.23,Education
L001784,C001767,2023-06-01,Auto loan,20059.42,72,7.951,351.22,Vehicle purchase
L001785,C000464,2022-08-01,Personal loan,46027.0,72,12.105,902.34,Debt consolidation
L001786,C001806,2019-08-01,Mortgage,356738.89,240,4.831,2321.11,Home purchase
L001787,C000232,2022-12-01,Credit card,3643.79,60,16.595,109.31,Revolving credit
L001788,C001673,2022-09-01,Personal loan,39488.1,48,12.783,1055.11,Debt consolidation
L001789,C001114,2022-09-01,Personal loan,3803.48,60,10.415,81.59,Education
L001790,C000211,2022-07-01,Auto loan,28756.2,60,5.434,548.4,Vehicle purchase
L001791,C001522,2023-01-01,Credit card,2149.15,60,19.895,64.47,Revolving credit
L001792,C001536,2019-12-01,Mortgage,235648.73,180,5.741,1955.75,Home purchase
L001793,C001478,2022-07-01,Credit card,17317.13,60,17.381,519.51,Revolving credit
L001794,C001019,2023-02-01,Credit card,22388.42,60,16.016,671.65,Revolving credit
L001795,C000782,2022-10-01,Personal loan,10925.12,60,13.05,248.86,Debt consolidation
L001796,C002037,2023-03-01,Personal loan,42739.18,60,6.21,830.45,Major purchase
L001797,C000536,2023-03-01,Credit card,11163.69,60,20.181,334.91,Revolving credit
L001798,C000898,2018-02-01,Mortgage,351382.22,180,5.425,2857.12,Home purchase
L001799,C000054,2022-08-01,Personal loan,23065.6,60,12.706,521.35,Home improvement
L001800,C001609,2022-12-01,Credit card,13692.47,60,21.026,410.77,Revolving credit
L001801,C000882,2021-07-01,Credit card,9207.78,60,21.987,276.23,Revolving credit
L001802,C000203,2020-11-01,Mortgage,242580.64,300,4.65,1369.04,Home purchase
L001803,C000469,2023-01-01,Personal loan,42400.02,60,13.288,970.99,Home improvement
L001804,C001398,2023-05-01,Personal loan,26615.49,24,14.239,1280.89,Debt consolidation
L001805,C001483,2022-01-01,Personal loan,43756.08,60,6.772,861.73,Major purchase
L001806,C001477,2023-09-01,Credit card,21567.91,60,19.548,647.04,Revolving credit
L001807,C000544,2022-09-01,Personal loan,44709.66,36,9.049,1422.77,Home improvement
L001808,C001606,2022-12-01,Personal loan,23016.22,36,10.097,743.72,Debt consolidation
L001809,C000356,2023-04-01,Auto loan,13349.43,48,8.146,326.82,Vehicle purchase
L001810,C000020,2022-04-01,Personal loan,29351.29,48,7.506,709.76,Debt consolidation
L001811,C000452,2021-07-01,Credit card,10365.8,60,19.456,310.97,Revolving credit
L001812,C001398,2022-10-01,Auto loan,36701.41,72,9.142,664.15,Vehicle purchase
L001813,C002030,2023-04-01,Personal loan,30441.62,36,7.232,943.18,Major purchase
L001814,C001996,2022-10-01,Personal loan,20760.54,48,10.747,534.01,Major purchase
L001815,C000154,2022-04-01,Credit card,7735.42,60,16.071,232.06,Revolving credit
L001816,C000530,2023-02-01,Credit card,11503.79,60,16.049,345.11,Revolving credit
L001817,C000481,2022-11-01,Personal loan,19922.11,72,9.809,367.15,Education
L001818,C001555,2023-03-01,Auto loan,24835.85,36,9.632,797.1,Vehicle purchase
L001819,C000364,2022-07-01,Personal loan,6728.52,48,4.812,154.38,Debt consolidation
L001820,C001226,2020-01-01,Mortgage,128040.39,240,2.195,659.6,Home purchase
L001821,C001572,2022-03-01,Credit card,23025.23,60,17.824,690.76,Revolving credit
L001822,C001054,2022-06-01,Personal loan,30063.96,60,8.515,617.02,Debt consolidation
L001823,C000096,2023-01-01,Auto loan,41019.5,60,3.328,743.05,Vehicle purchase
L001824,C000510,2022-07-01,Auto loan,41577.72,60,9.322,869.6,Vehicle purchase
L001825,C000569,2023-03-01,Auto loan,33219.86,48,8.91,825.26,Vehicle purchase
L001826,C000851,2022-08-01,Personal loan,36747.37,60,7.917,743.65,Home improvement
L001827,C001500,2022-09-01,Personal loan,13713.61,72,13.631,279.88,Debt consolidation
L001828,C001780,2022-03-01,Personal loan,24882.1,60,13.723,575.39,Major purchase
L001829,C000046,2021-07-01,Auto loan,13754.86,60,4.969,259.38,Vehicle purchase
L001830,C000365,2022-02-01,Auto loan,32013.11,60,8.435,655.8,Vehicle purchase
L001831,C000173,2022-01-01,Credit card,13880.4,60,19.864,416.41,Revolving credit
L001832,C001895,2022-03-01,Credit card,15552.32,60,18.631,466.57,Revolving credit
L001833,C000685,2022-03-01,Personal loan,6317.42,48,14.233,173.37,Debt consolidation
L001834,C000419,2022-12-01,Personal loan,46992.06,60,11.944,1043.98,Debt consolidation
L001835,C000239,2023-07-01,Personal loan,41230.07,24,5.506,1818.18,Home improvement
L001836,C001073,2023-01-01,Personal loan,18667.93,60,6.531,365.53,Major purchase
L001837,C000947,2022-05-01,Credit card,21482.56,60,23.565,644.48,Revolving credit
L001838,C000148,2023-03-01,Credit card,6230.44,60,16.394,186.91,Revolving credit
L001839,C002008,2021-09-01,Personal loan,54219.66,60,8.956,1124.35,Major purchase
L001840,C000622,2020-05-01,Mortgage,178120.54,180,3.232,1250.02,Home purchase
L001841,C000315,2023-08-01,Personal loan,14093.57,24,6.118,625.39,Home improvement
L001842,C001711,2022-05-01,Credit card,6938.11,60,14.678,208.14,Revolving credit
L001843,C000673,2021-11-01,Credit card,7074.91,60,14.017,212.25,Revolving credit
L001844,C000511,2022-05-01,Auto loan,29816.56,60,6.416,582.23,Vehicle purchase
L001845,C000412,2022-10-01,Personal loan,24981.29,36,6.309,763.48,Home improvement
L001846,C000167,2023-09-01,Personal loan,40297.8,60,10.639,868.94,Home improvement
L001847,C000411,2022-05-01,Credit card,9496.16,60,14.069,284.88,Revolving credit
L001848,C000028,2021-05-01,Mortgage,380623.7,240,2.937,2098.89,Home purchase
L001849,C001529,2022-04-01,Personal loan,39184.87,48,15.068,1091.9,Education
L001850,C001885,2023-10-01,Personal loan,9120.91,36,11.781,301.99,Debt consolidation
L001851,C001339,2022-08-01,Credit card,10721.97,60,14.982,321.66,Revolving credit
L001852,C000535,2022-09-01,Credit card,19928.65,60,19.392,597.86,Revolving credit
L001853,C001101,2022-10-01,Personal loan,7622.48,36,4.791,227.74,Major purchase
L001854,C001649,2023-10-01,Auto loan,45273.76,48,4.667,1035.81,Vehicle purchase
L001855,C001354,2022-05-01,Credit card,2912.81,60,22.996,87.38,Revolving credit
L001856,C001048,2020-04-01,Mortgage,156210.67,240,2.906,859.02,Home purchase
L001857,C001775,2021-02-01,Personal loan,10225.25,72,4.058,160.25,Debt consolidation
L001858,C000473,2023-09-01,Personal loan,44505.29,36,5.225,1338.37,Home improvement
L001859,C001091,2022-03-01,Credit card,8000.68,60,14.342,240.02,Revolving credit
L001860,C001688,2021-11-01,Personal loan,10054.17,60,12.134,224.33,Major purchase
L001861,C000519,2023-06-01,Personal loan,30917.16,36,7.341,959.47,Debt consolidation
L001862,C001640,2022-08-01,Credit card,9423.25,60,19.633,282.7,Revolving credit
L001863,C000625,2023-05-01,Personal loan,53931.45,48,5.451,1253.04,Home improvement
L001864,C000662,2022-01-01,Personal loan,42616.18,48,12.33,1129.17,Debt consolidation
L001865,C000966,2022-07-01,Personal loan,5853.53,60,8.133,119.06,Home improvement
L001866,C001961,2018-11-01,Mortgage,273860.72,180,3.271,1927.15,Home purchase
L001867,C001703,2022-07-01,Personal loan,42701.67,72,4.792,683.6,Education
L001868,C001234,2023-04-01,Personal loan,24437.14,48,5.026,563.05,Home improvement
L001869,C001011,2022-10-01,Personal loan,45689.94,60,6.313,889.97,Major purchase
L001870,C000802,2023-06-01,Personal loan,41838.22,36,5.991,1272.64,Debt consolidation
L001871,C000766,2021-12-01,Auto loan,40566.09,60,7.347,809.92,Vehicle purchase
L001872,C000907,2023-01-01,Personal loan,9202.82,60,4.001,169.49,Major purchase
L001873,C000313,2023-10-01,Personal loan,5127.27,36,15.564,179.16,Debt consolidation
L001874,C000807,2022-06-01,Personal loan,35988.51,72,11.679,697.58,Debt consolidation
L001875,C001694,2021-11-01,Mortgage,149317.81,300,4.721,848.83,Home purchase
L001876,C001993,2022-03-01,Credit card,16253.21,60,21.253,487.6,Revolving credit
L001877,C000762,2023-10-01,Credit card,13304.09,60,20.586,399.12,Revolving credit
L001878,C000553,2022-09-01,Auto loan,52982.66,36,7.879,1657.33,Vehicle purchase
L001879,C001215,2022-07-01,Mortgage,187012.72,180,3.96,1379.59,Home purchase
L001880,C001704,2022-12-01,Auto loan,51199.54,60,7.457,1024.89,Vehicle purchase
L001881,C001284,2022-04-01,Auto loan,12796.46,60,8.699,263.77,Vehicle purchase
L001882,C000696,2022-08-01,Credit card,6179.78,60,20.842,185.39,Revolving credit
L001883,C000178,2021-12-01,Credit card,2328.52,60,13.125,69.86,Revolving credit
L001884,C000292,2023-06-01,Personal loan,5561.84,48,4.289,126.3,Major purchase
L001885,C000571,2022-08-01,Credit card,5389.26,60,23.358,161.68,Revolving credit
L001886,C000615,2023-07-01,Personal loan,32969.92,60,8.241,672.31,Home improvement
L001887,C001875,2022-10-01,Credit card,11658.1,60,23.8,349.74,Revolving credit
L001888,C001570,2022-03-01,Auto loan,49172.33,72,5.602,805.72,Vehicle purchase
L001889,C001110,2023-01-01,Personal loan,49716.33,36,4.274,1473.89,Debt consolidation
L001890,C001799,2021-10-01,Personal loan,12005.18,60,4.934,226.19,Home improvement
L001891,C000345,2023-08-01,Credit card,14093.66,60,21.105,422.81,Revolving credit
L001892,C000799,2023-01-01,Personal loan,20555.59,24,9.364,942.51,Education
L001893,C000681,2023-06-01,Credit card,21510.4,60,23.498,645.31,Revolving credit
L001894,C000457,2022-01-01,Auto loan,30696.03,60,7.521,615.39,Vehicle purchase
L001895,C000470,2018-06-01,Mortgage,307804.51,240,2.331,1605.82,Home purchase
L001896,C000314,2022-01-01,Personal loan,27743.23,72,6.068,460.67,Major purchase
L001897,C000862,2022-12-01,Credit card,3840.74,60,17.421,115.22,Revolving credit
L001898,C001139,2023-07-01,Auto loan,30758.73,60,9.083,639.74,Vehicle purchase
L001899,C001397,2023-07-01,Auto loan,53470.07,60,7.037,1059.71,Vehicle purchase
L001900,C001024,2022-02-01,Mortgage,301000.27,240,3.389,1728.54,Home purchase
L001901,C000993,2023-09-01,Personal loan,14845.91,36,9.843,477.94,Debt consolidation
L001902,C001125,2022-11-01,Mortgage,261589.86,240,3.64,1535.94,Home purchase
L001903,C001818,2023-02-01,Auto loan,27448.52,36,7.933,859.29,Vehicle purchase
L001904,C000323,2023-08-01,Auto loan,53444.98,48,7.792,1299.54,Vehicle purchase
L001905,C001211,2022-12-01,Personal loan,32488.44,48,10.947,838.84,Home improvement
L001906,C000065,2021-11-01,Auto loan,58278.74,60,6.264,1133.87,Vehicle purchase
L001907,C000366,2022-10-01,Auto loan,19499.72,36,3.392,570.45,Vehicle purchase
L001908,C001695,2023-10-01,Personal loan,38886.29,60,5.599,744.55,Debt consolidation
L001909,C000291,2022-03-01,Credit card,13760.18,60,19.045,412.81,Revolving credit
L001910,C001267,2023-03-01,Credit card,12146.55,60,13.446,364.4,Revolving credit
L001911,C000305,2022-04-01,Credit card,22907.39,60,23.542,687.22,Revolving credit
L001912,C000118,2022-10-01,Personal loan,5906.46,60,8.997,122.6,Major purchase
L001913,C001487,2022-06-01,Auto loan,39526.01,72,6.949,672.92,Vehicle purchase
L001914,C001500,2021-08-01,Auto loan,13682.73,72,4.36,216.32,Vehicle purchase
L001915,C001293,2022-08-01,Credit card,11231.05,60,13.584,336.93,Revolving credit
L001916,C000786,2023-05-01,Auto loan,39192.95,60,7.505,785.43,Vehicle purchase
L001917,C001725,2023-04-01,Personal loan,4470.41,60,13.991,104.0,Major purchase
L001918,C001058,2022-06-01,Credit card,20490.51,60,17.263,614.72,Revolving credit
L001919,C000784,2023-05-01,Auto loan,52413.59,48,10.162,1333.43,Vehicle purchase
L001920,C000889,2023-03-01,Personal loan,48129.67,60,4.039,887.24,Major purchase
L001921,C001267,2023-10-01,Auto loan,57753.23,60,8.028,1171.81,Vehicle purchase
L001922,C000002,2022-03-01,Personal loan,21301.17,48,4.44,485.16,Major purchase
L001923,C000029,2022-04-01,Personal loan,13031.01,60,4.802,244.73,Debt consolidation
L001924,C001093,2022-09-01,Credit card,13897.23,60,16.836,416.92,Revolving credit
L001925,C001946,2019-06-01,Mortgage,243010.31,240,3.073,1356.64,Home purchase
L001926,C000407,2022-03-01,Credit card,7985.39,60,18.659,239.56,Revolving credit
L001927,C001085,2022-07-01,Personal loan,10189.45,48,5.933,238.99,Debt consolidation
L001928,C001320,2022-05-01,Credit card,7841.28,60,22.106,235.24,Revolving credit
L001929,C001579,2021-07-01,Credit card,23140.53,60,20.658,694.22,Revolving credit
L001930,C001796,2023-08-01,Mortgage,367322.39,180,5.303,2963.01,Home purchase
L001931,C001269,2023-08-01,Personal loan,54214.29,60,10.441,1163.69,Major purchase
L001932,C001945,2022-11-01,Credit card,17121.21,60,14.735,513.64,Revolving credit
L001933,C000048,2023-03-01,Personal loan,19562.33,36,8.682,619.18,Debt consolidation
L001934,C000417,2023-09-01,Credit card,19647.85,60,20.084,589.44,Revolving credit
L001935,C000312,2022-02-01,Auto loan,47220.6,60,9.972,1002.64,Vehicle purchase
L001936,C001143,2022-03-01,Credit card,11226.18,60,17.805,336.79,Revolving credit
L001937,C001439,2021-12-01,Credit card,23329.87,60,16.131,699.9,Revolving credit
L001938,C000106,2023-10-01,Personal loan,42421.48,60,15.493,1020.2,Debt consolidation
L001939,C001566,2022-12-01,Auto loan,11186.94,72,8.508,198.93,Vehicle purchase
L001940,C001848,2023-10-01,Personal loan,32548.63,60,10.624,701.6,Debt consolidation
L001941,C001959,2022-08-01,Auto loan,46227.68,36,10.081,1493.4,Vehicle purchase
L001942,C000932,2022-11-01,Credit card,21605.69,60,17.991,648.17,Revolving credit
L001943,C000838,2022-04-01,Auto loan,23696.17,72,5.343,385.4,Vehicle purchase
L001944,C000145,2020-10-01,Mortgage,238424.97,240,4.334,1487.15,Home purchase
L001945,C001523,2021-12-01,Credit card,8584.57,60,13.5,257.54,Revolving credit
L001946,C001581,2022-01-01,Credit card,4803.67,60,19.939,144.11,Revolving credit
L001947,C002010,2018-09-01,Mortgage,162535.02,180,4.003,1202.5,Home purchase
L001948,C001823,2023-01-01,Mortgage,347705.61,240,4.436,2187.72,Home purchase
L001949,C000734,2023-09-01,Credit card,21220.79,60,23.318,636.62,Revolving credit
L001950,C001565,2023-05-01,Credit card,17720.44,60,15.723,531.61,Revolving credit
L001951,C001329,2023-06-01,Credit card,23293.91,60,17.099,698.82,Revolving credit
L001952,C000380,2023-07-01,Credit card,10903.23,60,16.125,327.1,Revolving credit
L001953,C000514,2022-03-01,Credit card,13039.62,60,22.096,391.19,Revolving credit
L001954,C001039,2021-09-01,Credit card,11016.89,60,13.105,330.51,Revolving credit
L001955,C000152,2023-05-01,Personal loan,49664.78,60,8.361,1015.63,Major purchase
L001956,C000632,2022-05-01,Auto loan,58564.22,60,8.443,1199.94,Vehicle purchase
L001957,C000572,2023-08-01,Personal loan,45443.87,36,14.427,1562.6,Major purchase
L001958,C000211,2022-12-01,Personal loan,42768.84,48,9.226,1068.89,Major purchase
L001959,C000888,2022-01-01,Personal loan,12384.53,60,4.806,232.61,Home improvement
L001960,C001704,2022-03-01,Credit card,19858.94,60,23.814,595.77,Revolving credit
L001961,C001113,2023-04-01,Credit card,13350.85,60,21.094,400.53,Revolving credit
L001962,C000581,2023-09-01,Credit card,21815.62,60,14.661,654.47,Revolving credit
L001963,C001134,2022-10-01,Personal loan,31173.99,60,4.343,578.96,Home improvement
L001964,C001359,2022-05-01,Credit card,13702.19,60,18.955,411.07,Revolving credit
L001965,C000994,2023-09-01,Personal loan,40849.33,60,13.401,937.85,Major purchase
L001966,C000182,2023-06-01,Credit card,4025.06,60,13.412,120.75,Revolving credit
L001967,C001330,2022-07-01,Personal loan,8625.06,48,7.917,210.23,Education
L001968,C000221,2023-10-01,Auto loan,19899.03,48,8.495,490.43,Vehicle purchase
L001969,C001176,2022-05-01,Personal loan,25160.07,72,14.392,523.73,Home improvement
L001970,C001055,2021-12-01,Personal loan,40193.03,72,9.677,738.08,Home improvement
L001971,C001138,2023-06-01,Auto loan,40933.26,60,7.182,814.05,Vehicle purchase
L001972,C000328,2023-04-01,Personal loan,52537.69,48,9.917,1330.39,Debt consolidation
L001973,C000490,2022-09-01,Personal loan,9635.54,60,7.892,194.88,Home improvement
L001974,C000764,2022-03-01,Auto loan,24906.87,72,9.172,451.09,Vehicle purchase
L001975,C000452,2021-09-01,Credit card,18604.09,60,23.843,558.12,Revolving credit
L001976,C001212,2022-09-01,Personal loan,40710.75,48,6.724,969.66,Education
L001977,C000052,2021-12-01,Auto loan,9771.83,72,7.25,167.78,Vehicle purchase
L001978,C001940,2023-01-01,Personal loan,46599.0,48,4.837,1069.71,Home improvement
L001979,C001798,2023-10-01,Auto loan,58255.41,60,9.344,1219.05,Vehicle purchase
L001980,C001260,2022-03-01,Credit card,12859.97,60,16.818,385.8,Revolving credit
L001981,C000480,2023-02-01,Credit card,10903.22,60,19.689,327.1,Revolving credit
L001982,C000588,2023-09-01,Personal loan,20332.13,24,4.863,890.75,Home improvement
L001983,C000226,2022-05-01,Credit card,4887.65,60,14.402,146.63,Revolving credit
L001984,C000125,2021-07-01,Personal loan,22914.56,60,5.375,436.38,Major purchase
L001985,C001908,2023-07-01,Auto loan,56537.17,60,3.927,1039.36,Vehicle purchase
L001986,C001328,2022-09-01,Personal loan,23950.32,48,12.586,637.62,Debt consolidation
L001987,C001427,2023-04-01,Personal loan,38813.42,60,8.015,787.28,Debt consolidation
L001988,C000633,2022-09-01,Auto loan,23595.38,36,10.285,764.52,Vehicle purchase
L001989,C001767,2021-02-01,Mortgage,219017.3,240,3.667,1289.11,Home purchase
L001990,C001250,2022-09-01,Personal loan,3262.45,72,4.159,51.28,Major purchase
L001991,C000071,2023-05-01,Auto loan,21733.31,60,4.59,406.07,Vehicle purchase
L001992,C000674,2021-11-01,Credit card,5108.29,60,23.86,153.25,Revolving credit
L001993,C001929,2022-09-01,Credit card,10119.72,60,18.645,303.59,Revolving credit
L001994,C002047,2023-04-01,Credit card,7252.14,60,14.954,217.56,Revolving credit
L001995,C000526,2023-03-01,Credit card,14954.51,60,20.196,448.64,Revolving credit
L001996,C000196,2021-10-01,Credit card,13074.25,60,16.724,392.23,Revolving credit
L001997,C000915,2022-05-01,Auto loan,38232.92,72,6.786,647.91,Vehicle purchase
L001998,C000432,2023-01-01,Auto loan,42443.71,36,6.898,1308.56,Vehicle purchase
L001999,C000659,2023-02-01,Mortgage,335452.49,300,3.614,1699.98,Home purchase
L002000,C000937,2022-11-01,Auto loan,34819.18,36,3.545,1020.96,Vehicle purchase
L002001,C001938,2023-06-01,Credit card,3738.31,60,12.934,112.15,Revolving credit
L002002,C001714,2021-11-01,Auto loan,57985.76,60,8.336,1185.1,Vehicle purchase
L002003,C001473,2021-08-01,Credit card,21004.88,60,13.644,630.15,Revolving credit
L002004,C000357,2023-03-01,Auto loan,61311.2,48,6.345,1449.6,Vehicle purchase
L002005,C000915,2022-05-01,Mortgage,319597.34,180,5.631,2633.66,Home purchase
L002006,C001946,2023-02-01,Personal loan,23524.05,48,6.954,562.81,Debt consolidation
L002007,C000628,2021-08-01,Personal loan,20842.58,60,4.643,389.92,Home improvement
L002008,C001885,2023-02-01,Credit card,15780.62,60,23.375,473.42,Revolving credit
L002009,C001426,2023-08-01,Auto loan,24383.82,60,7.188,485.0,Vehicle purchase
L002010,C001182,2022-06-01,Personal loan,33313.17,60,13.558,767.53,Home improvement
L002011,C002012,2023-01-01,Credit card,4063.51,60,12.577,121.91,Revolving credit
L002012,C001072,2023-10-01,Personal loan,35584.7,24,7.21,1596.6,Debt consolidation
L002013,C000076,2023-05-01,Personal loan,3417.4,36,13.687,116.28,Home improvement
L002014,C000320,2023-06-01,Credit card,12253.56,60,18.109,367.61,Revolving credit
L002015,C001184,2022-09-01,Personal loan,6926.0,60,12.751,156.71,Education
L002016,C000804,2023-09-01,Personal loan,23653.0,48,12.97,634.2,Home improvement
L002017,C000062,2022-06-01,Mortgage,351213.79,180,3.889,2578.34,Home purchase
L002018,C001551,2022-09-01,Credit card,3550.59,60,16.798,106.52,Revolving credit
L002019,C000647,2021-02-01,Auto loan,60838.49,72,8.121,1070.28,Vehicle purchase
L002020,C001215,2019-02-01,Mortgage,333334.18,240,4.189,2053.21,Home purchase
L002021,C001777,2022-02-01,Credit card,17221.05,60,21.532,516.63,Revolving credit
L002022,C001686,2021-10-01,Credit card,6227.11,60,20.833,186.81,Revolving credit
L002023,C001916,2021-07-01,Auto loan,45634.24,72,8.448,810.13,Vehicle purchase
L002024,C001830,2023-10-01,Personal loan,45591.79,72,8.343,807.04,Major purchase
L002025,C000013,2022-05-01,Credit card,13307.02,60,17.502,399.21,Revolving credit
L002026,C000674,2020-02-01,Mortgage,347112.01,300,4.154,1861.77,Home purchase
L002027,C000893,2023-08-01,Personal loan,30176.38,36,13.608,1025.62,Home improvement
L002028,C000341,2021-08-01,Personal loan,17665.88,60,7.465,353.69,Home improvement
L002029,C001169,2021-12-01,Credit card,10734.01,60,13.914,322.02,Revolving credit
L002030,C001296,2023-09-01,Auto loan,28987.97,48,6.284,684.57,Vehicle purchase
L002031,C001605,2022-02-01,Mortgage,153012.31,180,4.227,1149.33,Home purchase
L002032,C001839,2023-07-01,Personal loan,38199.68,60,10.028,812.15,Home improvement
L002033,C000185,2022-03-01,Credit card,3727.22,60,18.379,111.82,Revolving credit
L002034,C001283,2022-07-01,Personal loan,50779.7,48,14.243,1393.83,Debt consolidation
L002035,C001670,2023-05-01,Auto loan,27308.89,48,3.827,614.5,Vehicle purchase
L002036,C001236,2023-10-01,Auto loan,13617.62,60,6.165,264.31,Vehicle purchase
L002037,C001261,2023-01-01,Credit card,9321.03,60,13.121,279.63,Revolving credit
L002038,C000006,2023-10-01,Personal loan,32466.22,48,6.726,773.32,Home improvement
L002039,C001966,2023-04-01,Credit card,15751.42,60,21.874,472.54,Revolving credit
L002040,C001129,2023-08-01,Credit card,11530.41,60,21.288,345.91,Revolving credit
L002041,C000071,2022-06-01,Auto loan,19405.75,48,8.725,480.39,Vehicle purchase
L002042,C001655,2022-08-01,Credit card,19152.54,60,14.831,574.58,Revolving credit
L002043,C001148,2023-07-01,Mortgage,171545.44,240,4.825,1115.64,Home purchase
L002044,C000071,2022-10-01,Credit card,22456.01,60,13.584,673.68,Revolving credit
L002045,C001602,2022-07-01,Personal loan,33291.68,36,14.28,1142.36,Debt consolidation
L002046,C000443,2021-07-01,Personal loan,43003.64,72,6.501,722.9,Major purchase
L002047,C000697,2023-07-01,Personal loan,9028.78,48,5.054,208.15,Debt consolidation
L002048,C000612,2023-04-01,Personal loan,52188.43,60,10.667,1126.06,Home improvement
L002049,C000687,2023-01-01,Auto loan,37800.75,60,4.202,699.61,Vehicle purchase
L002050,C000425,2023-05-01,Personal loan,26208.01,48,12.921,702.07,Debt consolidation
L002051,C000527,2022-10-01,Personal loan,23080.62,36,14.825,798.13,Debt consolidation
L002052,C001167,2022-01-01,Credit card,17321.22,60,23.884,519.64,Revolving credit
L002053,C001773,2023-08-01,Personal loan,54217.04,48,6.535,1286.63,Debt consolidation
L002054,C001954,2022-09-01,Personal loan,3386.16,36,7.34,105.08,Home improvement
L002055,C001227,2022-11-01,Auto loan,10782.38,60,4.532,201.17,Vehicle purchase
L002056,C001101,2022-04-01,Auto loan,49004.01,48,5.932,1149.33,Vehicle purchase
L002057,C001978,2022-12-01,Personal loan,45073.43,48,12.461,1197.17,Major purchase
L002058,C000003,2022-08-01,Personal loan,25297.61,36,4.31,750.38,Home improvement
L002059,C001950,2023-05-01,Personal loan,29935.67,48,5.526,696.55,Home improvement
L002060,C000193,2022-06-01,Credit card,2469.26,60,17.903,74.08,Revolving credit
L002061,C000148,2023-07-01,Credit card,4846.25,60,14.517,145.39,Revolving credit
L002062,C001062,2023-05-01,Credit card,3803.99,60,13.066,114.12,Revolving credit
L002063,C000356,2023-02-01,Personal loan,44354.04,72,5.999,735.05,Debt consolidation
L002064,C001027,2022-01-01,Mortgage,149872.36,300,2.728,689.7,Home purchase
L002065,C000132,2023-09-01,Personal loan,28020.85,48,9.79,707.86,Major purchase
L002066,C001513,2023-07-01,Auto loan,17567.49,60,7.152,349.12,Vehicle purchase
L002067,C000187,2022-04-01,Personal loan,32771.98,60,9.389,686.5,Major purchase
L002068,C000256,2023-02-01,Personal loan,18376.22,72,12.504,364.09,Home improvement
L002069,C000433,2023-02-01,Personal loan,34314.4,48,7.296,826.41,Major purchase
L002070,C001747,2022-01-01,Credit card,3636.98,60,16.06,109.11,Revolving credit
L002071,C001328,2021-07-01,Auto loan,13331.22,60,6.407,260.26,Vehicle purchase
L002072,C000342,2022-10-01,Auto loan,46352.48,72,4.895,744.25,Vehicle purchase
L002073,C001387,2022-05-01,Auto loan,13592.82,48,10.225,346.22,Vehicle purchase
L002074,C000232,2021-07-01,Credit card,3414.6,60,15.964,102.44,Revolving credit
L002075,C001385,2022-03-01,Credit card,15143.02,60,22.697,454.29,Revolving credit
L002076,C000482,2022-09-01,Credit card,7121.08,60,19.958,213.63,Revolving credit
L002077,C001846,2022-11-01,Mortgage,102538.55,300,1.802,424.82,Home purchase
L002078,C000675,2022-12-01,Personal loan,46562.77,36,8.536,1470.66,Major purchase
L002079,C001996,2023-08-01,Credit card,16606.29,60,22.289,498.19,Revolving credit
L002080,C000168,2021-02-01,Mortgage,386923.94,240,4.21,2387.68,Home purchase
L002081,C000192,2022-09-01,Credit card,3528.37,60,23.398,105.85,Revolving credit
L002082,C000885,2021-10-01,Personal loan,53516.86,60,5.012,1010.22,Debt consolidation
L002083,C000198,2022-04-01,Credit card,2064.11,60,18.929,61.92,Revolving credit
L002084,C000473,2023-05-01,Personal loan,26265.63,24,5.234,1155.06,Debt consolidation
L002085,C001450,2022-06-01,Auto loan,46778.21,48,4.574,1068.26,Vehicle purchase
L002086,C001361,2023-07-01,Personal loan,32364.4,36,14.84,1119.39,Education
L002087,C000509,2021-12-01,Personal loan,35641.74,60,12.749,806.39,Major purchase
L002088,C000164,2021-10-01,Credit card,6794.68,60,18.092,203.84,Revolving credit
L002089,C000708,2022-03-01,Personal loan,50722.89,48,5.001,1168.14,Major purchase
L002090,C001486,2020-12-01,Mortgage,272293.53,240,3.811,1623.12,Home purchase
L002091,C000080,2021-06-01,Personal loan,48230.58,72,13.493,980.78,Debt consolidation
L002092,C001222,2020-01-01,Mortgage,272145.53,300,3.562,1371.46,Home purchase
L002093,C001732,2023-03-01,Personal loan,41664.06,48,13.773,1133.8,Debt consolidation
L002094,C000890,2022-08-01,Auto loan,60736.28,60,8.113,1234.79,Vehicle purchase
L002095,C000622,2023-03-01,Auto loan,43146.0,48,10.262,1099.73,Vehicle purchase
L002096,C001422,2023-07-01,Auto loan,12482.15,72,5.225,202.33,Vehicle purchase
L002097,C000175,2023-07-01,Auto loan,42068.72,60,3.556,766.36,Vehicle purchase
L002098,C000938,2022-08-01,Credit card,21880.56,60,12.514,656.42,Revolving credit
L002099,C000836,2023-06-01,Personal loan,53433.0,36,7.959,1673.37,Major purchase
L002100,C000236,2021-09-01,Personal loan,19863.36,72,6.629,335.12,Home improvement
L002101,C001525,2023-07-01,Personal loan,8886.03,24,8.763,404.99,Major purchase
L002102,C000792,2023-03-01,Auto loan,50162.39,48,10.016,1272.62,Vehicle purchase
L002103,C001700,2022-02-01,Personal loan,52464.45,48,4.745,1202.17,Debt consolidation
L002104,C000394,2022-06-01,Credit card,23607.24,60,20.627,708.22,Revolving credit
L002105,C000359,2022-09-01,Mortgage,403074.25,300,2.202,1748.31,Home purchase
L002106,C000063,2020-08-01,Mortgage,120334.63,240,2.09,613.87,Home purchase
L002107,C001940,2019-10-01,Mortgage,334483.2,300,4.821,1920.6,Home purchase
L002108,C001989,2022-07-01,Personal loan,10089.51,36,15.507,352.27,Major purchase
L002109,C001560,2023-10-01,Personal loan,47861.89,60,15.143,1142.24,Home improvement
L002110,C001457,2022-02-01,Mortgage,358604.77,240,3.607,2099.47,Home purchase
L002111,C001728,2023-07-01,Auto loan,31735.08,48,3.547,710.13,Vehicle purchase
L002112,C000165,2022-10-01,Personal loan,34852.72,36,15.278,1212.93,Major purchase
L002113,C001641,2022-11-01,Auto loan,13714.15,48,9.346,343.53,Vehicle purchase
L002114,C000943,2022-12-01,Auto loan,57009.53,60,3.26,1030.98,Vehicle purchase
L002115,C000092,2021-11-01,Credit card,23941.74,60,19.324,718.25,Revolving credit
L002116,C001278,2023-02-01,Personal loan,21330.41,60,5.938,411.76,Debt consolidation
L002117,C001211,2023-08-01,Personal loan,15295.81,48,10.867,394.34,Major purchase
L002118,C001907,2023-06-01,Credit card,22867.59,60,18.861,686.03,Revolving credit
L002119,C001187,2022-11-01,Personal loan,44029.67,60,7.564,883.61,Home improvement
L002120,C001272,2022-08-01,Personal loan,20085.65,60,6.09,389.15,Debt consolidation
L002121,C000350,2022-10-01,Personal loan,49983.56,36,8.758,1583.84,Home improvement
L002122,C000604,2019-02-01,Mortgage,330427.84,300,5.144,1959.44,Home purchase
L002123,C000109,2023-05-01,Personal loan,34799.84,60,7.013,689.29,Debt consolidation
L002124,C000358,2023-05-01,Auto loan,50507.71,60,4.589,943.67,Vehicle purchase
L002125,C000864,2018-06-01,Mortgage,330090.5,180,2.745,2239.27,Home purchase
L002126,C001417,2022-10-01,Personal loan,7505.56,48,9.435,188.33,Debt consolidation
L002127,C001609,2021-05-01,Mortgage,314347.27,300,2.509,1411.58,Home purchase
L002128,C001438,2023-09-01,Personal loan,46985.73,36,11.11,1540.7,Debt consolidation
L002129,C001072,2023-06-01,Personal loan,17763.75,60,5.053,335.66,Debt consolidation
L002130,C001217,2023-09-01,Credit card,6498.42,60,13.961,194.95,Revolving credit
L002131,C000098,2023-05-01,Mortgage,322955.7,240,2.541,1717.86,Home purchase
L002132,C001797,2021-12-01,Personal loan,44533.59,60,8.766,919.38,Debt consolidation
L002133,C001186,2022-07-01,Personal loan,51374.35,60,11.06,1118.55,Education
L002134,C001678,2023-06-01,Personal loan,37618.02,60,10.976,817.47,Major purchase
L002135,C000814,2023-03-01,Credit card,7685.95,60,17.397,230.58,Revolving credit
L002136,C001223,2023-08-01,Personal loan,13947.56,36,10.077,450.55,Home improvement
L002137,C000078,2022-10-01,Mortgage,207776.41,240,2.708,1122.23,Home purchase
L002138,C001168,2021-09-01,Auto loan,9728.41,72,9.16,176.13,Vehicle purchase
L002139,C001665,2019-07-01,Mortgage,259267.73,240,2.192,1335.28,Home purchase
L002140,C001277,2022-09-01,Auto loan,10695.41,48,4.743,245.06,Vehicle purchase
L002141,C001887,2023-06-01,Credit card,12925.23,60,15.472,387.76,Revolving credit
L002142,C000020,2019-02-01,Mortgage,238828.01,240,2.707,1289.8,Home purchase
L002143,C000411,2021-01-01,Mortgage,345995.8,180,3.235,2428.7,Home purchase
L002144,C000430,2022-08-01,Auto loan,35470.06,36,3.246,1035.37,Vehicle purchase
L002145,C001325,2022-04-01,Auto loan,30230.84,60,4.372,561.84,Vehicle purchase
L002146,C000139,2022-01-01,Credit card,10755.23,60,18.468,322.66,Revolving credit
L002147,C001270,2023-07-01,Credit card,16104.76,60,13.641,483.14,Revolving credit
L002148,C001237,2022-05-01,Personal loan,48729.5,72,9.786,897.5,Major purchase
L002149,C001672,2022-09-01,Auto loan,49456.01,60,5.708,949.42,Vehicle purchase
L002150,C000279,2022-11-01,Auto loan,46412.92,36,6.155,1415.24,Vehicle purchase
L002151,C002025,2023-03-01,Personal loan,30151.99,36,10.462,979.48,Debt consolidation
L002152,C000481,2023-09-01,Auto loan,39295.44,60,5.17,744.62,Vehicle purchase
L002153,C001284,2023-02-01,Auto loan,39139.19,36,7.493,1217.34,Vehicle purchase
L002154,C000278,2022-07-01,Personal loan,19749.89,60,5.819,380.16,Major purchase
L002155,C000740,2023-02-01,Credit card,16162.68,60,16.639,484.88,Revolving credit
L002156,C000731,2023-07-01,Auto loan,44984.05,36,4.457,1337.28,Vehicle purchase
L002157,C001788,2022-07-01,Credit card,4895.08,60,22.327,146.85,Revolving credit
L002158,C000965,2023-10-01,Auto loan,47168.96,60,6.395,920.6,Vehicle purchase
L002159,C001240,2022-11-01,Auto loan,23662.01,48,6.408,560.14,Vehicle purchase
L002160,C001242,2023-06-01,Personal loan,51534.99,36,10.107,1665.48,Debt consolidation
L002161,C001202,2022-12-01,Auto loan,33263.2,36,5.29,1001.27,Vehicle purchase
L002162,C001642,2018-01-01,Mortgage,100815.97,300,1.884,421.66,Home purchase
L002163,C001726,2022-02-01,Credit card,18076.46,60,18.796,542.29,Revolving credit
L002164,C000697,2022-12-01,Personal loan,29729.13,36,11.356,978.32,Home improvement
L002165,C001250,2022-06-01,Personal loan,16931.98,60,14.395,397.45,Major purchase
L002166,C001111,2023-05-01,Credit card,16726.06,60,23.795,501.78,Revolving credit
L002167,C001619,2022-06-01,Personal loan,33352.52,48,4.536,761.09,Major purchase
L002168,C001303,2022-11-01,Auto loan,45089.17,48,8.888,1119.64,Vehicle purchase
L002169,C001959,2022-07-01,Personal loan,5666.08,36,10.088,183.06,Debt consolidation
L002170,C001406,2023-04-01,Credit card,20926.6,60,14.787,627.8,Revolving credit
L002171,C000869,2023-09-01,Auto loan,32211.21,48,4.823,739.22,Vehicle purchase
L002172,C001863,2022-10-01,Credit card,23008.36,60,21.012,690.25,Revolving credit
L002173,C001810,2020-06-01,Mortgage,405365.12,240,5.447,2776.3,Home purchase
L002174,C000153,2022-04-01,Personal loan,30776.64,72,12.828,615.03,Education
L002175,C000430,2022-07-01,Mortgage,149849.96,300,5.345,906.36,Home purchase
L002176,C000148,2022-05-01,Mortgage,354210.37,240,2.44,1866.56,Home purchase
L002177,C001006,2023-08-01,Mortgage,240149.02,180,3.704,1740.9,Home purchase
L002178,C001604,2022-11-01,Credit card,21194.97,60,17.971,635.85,Revolving credit
L002179,C000174,2022-02-01,Auto loan,35020.62,48,6.11,824.22,Vehicle purchase
L002180,C000963,2023-03-01,Personal loan,11616.45,36,12.865,390.65,Major purchase
L002181,C001966,2022-01-01,Auto loan,15381.63,48,5.485,357.62,Vehicle purchase
L002182,C000041,2023-03-01,Personal loan,22197.21,36,13.757,756.03,Home improvement
L002183,C000444,2022-04-01,Auto loan,37679.14,60,7.326,751.89,Vehicle purchase
L002184,C001971,2022-06-01,Credit card,15682.59,60,14.133,470.48,Revolving credit
L002185,C001623,2022-09-01,Personal loan,33053.58,60,8.951,685.35,Home improvement
L002186,C001588,2022-05-01,Credit card,22092.84,60,21.102,662.79,Revolving credit
L002187,C001667,2023-08-01,Auto loan,52421.27,48,5.201,1212.0,Vehicle purchase
L002188,C000682,2022-08-01,Credit card,23381.34,60,16.181,701.44,Revolving credit
L002189,C001235,2023-05-01,Personal loan,14661.15,36,11.56,483.88,Debt consolidation
L002190,C001409,2022-01-01,Auto loan,17905.69,60,8.527,367.59,Vehicle purchase
L002191,C001572,2019-12-01,Mortgage,171003.86,180,3.648,1234.95,Home purchase
L002192,C001127,2023-01-01,Credit card,9755.84,60,20.508,292.68,Revolving credit
L002193,C000952,2021-03-01,Personal loan,36630.2,72,13.219,739.56,Debt consolidation
L002194,C000383,2022-12-01,Auto loan,34455.24,48,8.81,854.32,Vehicle purchase
L002195,C000053,2023-07-01,Personal loan,28070.96,60,10.377,601.65,Education
L002196,C000196,2023-04-01,Personal loan,12537.97,48,12.651,334.19,Home improvement
L002197,C001513,2022-07-01,Personal loan,39065.92,60,7.346,779.95,Home improvement
L002198,C001794,2022-08-01,Auto loan,47631.66,60,9.154,992.32,Vehicle purchase
L002199,C001069,2022-03-01,Personal loan,3298.55,60,5.423,62.89,Debt consolidation
L002200,C000837,2023-07-01,Mortgage,271996.72,240,4.886,1777.94,Home purchase
L002201,C000458,2022-10-01,Credit card,12521.63,60,12.883,375.65,Revolving credit
L002202,C000819,2023-01-01,Personal loan,24803.13,60,13.119,565.86,Major purchase
L002203,C002049,2023-06-01,Personal loan,40644.24,36,5.98,1236.1,Major purchase
L002204,C000285,2023-06-01,Credit card,13007.3,60,19.907,390.22,Revolving credit
L002205,C000400,2022-03-01,Credit card,15128.27,60,15.538,453.85,Revolving credit
L002206,C001995,2021-09-01,Credit card,21591.58,60,18.599,647.75,Revolving credit
L002207,C001560,2023-07-01,Credit card,15523.43,60,23.89,465.7,Revolving credit
L002208,C001748,2022-04-01,Credit card,19365.74,60,16.33,580.97,Revolving credit
L002209,C001422,2021-12-01,Credit card,22093.98,60,22.161,662.82,Revolving credit
L002210,C001941,2021-12-01,Personal loan,47914.13,60,9.577,1008.08,Major purchase
L002211,C000482,2022-11-01,Auto loan,55965.34,48,6.667,1331.53,Vehicle purchase
L002212,C001290,2022-04-01,Credit card,7440.01,60,12.652,223.2,Revolving credit
L002213,C001804,2023-10-01,Personal loan,35174.18,48,9.722,887.43,Home improvement
L002214,C000019,2022-03-01,Credit card,5982.4,60,21.104,179.47,Revolving credit
L002215,C001912,2021-10-01,Auto loan,18000.89,72,4.013,281.73,Vehicle purchase
L002216,C001028,2022-10-01,Personal loan,40327.29,60,14.772,954.56,Debt consolidation
L002217,C001232,2022-12-01,Personal loan,36238.68,48,13.533,981.81,Debt consolidation
L002218,C000190,2022-07-01,Credit card,7570.09,60,23.485,227.1,Revolving credit
L002219,C001535,2021-07-01,Credit card,3768.47,60,14.33,113.05,Revolving credit
L002220,C000313,2023-07-01,Auto loan,22300.27,60,10.306,477.18,Vehicle purchase
L002221,C001993,2023-04-01,Credit card,9370.21,60,21.783,281.11,Revolving credit
L002222,C000177,2022-05-01,Credit card,9260.67,60,13.696,277.82,Revolving credit
L002223,C000741,2021-05-01,Personal loan,36303.36,72,13.024,729.21,Home improvement
L002224,C000782,2023-03-01,Personal loan,44150.01,60,7.346,881.45,Education
L002225,C000616,2022-02-01,Credit card,3127.86,60,13.463,93.84,Revolving credit
L002226,C000333,2021-09-01,Credit card,20088.86,60,13.934,602.67,Revolving credit
L002227,C000976,2021-12-01,Auto loan,31385.52,60,5.226,595.54,Vehicle purchase
L002228,C000659,2023-04-01,Personal loan,20406.02,60,10.357,437.16,Debt consolidation
L002229,C001020,2022-04-01,Auto loan,27955.73,48,5.57,651.05,Vehicle purchase
L002230,C001319,2022-04-01,Personal loan,28999.81,48,12.235,767.02,Home improvement
L002231,C001677,2022-10-01,Auto loan,33724.19,36,8.438,1063.62,Vehicle purchase
L002232,C000285,2021-12-01,Credit card,23425.46,60,23.369,702.76,Revolving credit
L002233,C000663,2021-08-01,Credit card,18675.69,60,14.257,560.27,Revolving credit
L002234,C001901,2020-10-01,Mortgage,337225.99,300,3.304,1652.97,Home purchase
L002235,C001944,2020-09-01,Mortgage,109441.79,240,4.818,711.31,Home purchase
L002236,C000541,2021-06-01,Mortgage,167354.67,300,5.215,999.42,Home purchase
L002237,C000907,2023-02-01,Credit card,4300.93,60,13.713,129.03,Revolving credit
L002238,C000766,2021-10-01,Mortgage,156619.8,240,4.496,990.51,Home purchase
L002239,C001693,2023-06-01,Personal loan,21711.81,72,11.735,421.49,Education
L002240,C000332,2022-12-01,Personal loan,38190.87,60,8.107,776.32,Debt consolidation
L002241,C001999,2022-01-01,Personal loan,44163.38,60,7.422,883.3,Home improvement
L002242,C000289,2023-10-01,Personal loan,4953.91,60,9.952,105.14,Major purchase
L002243,C000091,2023-07-01,Auto loan,58949.3,36,10.18,1907.12,Vehicle purchase
L002244,C000332,2022-11-01,Personal loan,6144.34,36,9.093,195.65,Home improvement
L002245,C001572,2022-02-01,Auto loan,18689.15,60,10.155,398.52,Vehicle purchase
L002246,C000073,2023-04-01,Personal loan,47830.12,48,11.087,1238.21,Home improvement
L002247,C000135,2022-01-01,Credit card,2202.63,60,16.831,66.08,Revolving credit
L002248,C000770,2020-04-01,Mortgage,300630.9,240,5.345,2041.84,Home purchase
L002249,C001255,2022-08-01,Credit card,17349.0,60,20.333,520.47,Revolving credit
L002250,C001405,2023-06-01,Personal loan,11196.19,60,7.622,225.0,Debt consolidation
L002251,C000853,2023-03-01,Personal loan,13967.32,36,12.809,469.33,Major purchase
L002252,C000123,2023-08-01,Personal loan,5922.23,60,7.855,119.67,Home improvement
L002253,C000431,2023-02-01,Auto loan,52145.83,48,9.998,1322.5,Vehicle purchase
L002254,C000989,2023-10-01,Auto loan,11174.34,60,6.185,216.99,Vehicle purchase
L002255,C001195,2023-06-01,Auto loan,29791.57,48,8.096,728.64,Vehicle purchase
L002256,C001441,2021-10-01,Credit card,10056.69,60,17.456,301.7,Revolving credit
L002257,C002023,2022-09-01,Personal loan,7494.42,36,13.484,254.27,Home improvement
L002258,C000709,2022-06-01,Personal loan,23039.68,60,14.517,542.29,Home improvement
L002259,C000090,2022-07-01,Auto loan,46123.26,60,6.533,903.16,Vehicle purchase
L002260,C000874,2022-07-01,Credit card,18596.93,60,23.839,557.91,Revolving credit
L002261,C001219,2019-03-01,Mortgage,414403.22,240,2.671,2230.57,Home purchase
L002262,C001766,2023-02-01,Mortgage,192507.62,300,4.98,1123.12,Home purchase
L002263,C000117,2022-12-01,Credit card,17673.97,60,21.086,530.22,Revolving credit
L002264,C000817,2023-10-01,Credit card,12284.16,60,13.805,368.52,Revolving credit
L002265,C001422,2020-08-01,Mortgage,209742.47,300,1.973,886.3,Home purchase
L002266,C001562,2023-02-01,Mortgage,123078.09,240,4.233,761.01,Home purchase
L002267,C001869,2018-06-01,Mortgage,362687.01,240,5.329,2459.95,Home purchase
L002268,C001069,2023-07-01,Personal loan,23298.05,48,14.341,640.65,Home improvement
L002269,C001407,2023-06-01,Personal loan,20352.34,36,8.784,645.16,Debt consolidation
L002270,C001833,2021-12-01,Personal loan,41181.61,60,11.86,913.16,Home improvement
L002271,C000494,2020-08-01,Mortgage,173030.31,180,5.727,1434.72,Home purchase
L002272,C000838,2022-12-01,Mortgage,379465.72,240,4.901,2483.51,Home purchase
L002273,C001583,2021-03-01,Auto loan,47706.2,72,7.959,835.49,Vehicle purchase
L002274,C001233,2021-06-01,Mortgage,212528.03,180,3.989,1570.86,Home purchase
L002275,C000424,2023-10-01,Personal loan,36867.02,60,15.002,877.11,Home improvement
L002276,C001576,2023-07-01,Auto loan,42386.69,48,6.186,999.07,Vehicle purchase
L002277,C000035,2022-08-01,Auto loan,53024.69,60,9.175,1105.21,Vehicle purchase
L002278,C000542,2023-07-01,Personal loan,40428.21,72,12.094,792.36,Home improvement
L002279,C001838,2023-01-01,Credit card,18525.26,60,20.823,555.76,Revolving credit
L002280,C000589,2022-09-01,Personal loan,46389.09,60,15.404,1113.47,Home improvement
L002281,C000422,2022-11-01,Personal loan,37852.48,36,7.914,1184.66,Major purchase
L002282,C001276,2021-10-01,Mortgage,231304.44,240,3.839,1382.09,Home purchase
L002283,C000789,2023-10-01,Personal loan,16249.42,60,6.593,318.65,Debt consolidation
L002284,C000748,2023-08-01,Auto loan,54012.0,72,8.075,948.98,Vehicle purchase
L002285,C001152,2023-03-01,Personal loan,51323.01,24,6.668,2290.14,Major purchase
L002286,C000861,2023-07-01,Credit card,2723.38,60,13.119,81.7,Revolving credit
L002287,C001547,2022-09-01,Credit card,8156.1,60,21.112,244.68,Revolving credit
L002288,C001965,2023-07-01,Credit card,21251.81,60,22.213,637.55,Revolving credit
L002289,C001292,2022-07-01,Auto loan,22124.37,48,6.046,520.06,Vehicle purchase
L002290,C001614,2022-06-01,Personal loan,52414.87,48,6.878,1252.16,Home improvement
L002291,C000461,2022-08-01,Credit card,5789.17,60,19.404,173.68,Revolving credit
L002292,C000467,2022-09-01,Personal loan,38078.05,60,14.429,894.51,Education
L002293,C000744,2020-11-01,Mortgage,232823.36,240,5.011,1537.96,Home purchase
L002294,C001017,2022-12-01,Personal loan,22016.25,36,10.67,717.35,Home improvement
L002295,C000635,2022-03-01,Auto loan,55913.81,72,7.536,967.72,Vehicle purchase
L002296,C001492,2022-05-01,Auto loan,31935.5,48,7.321,769.5,Vehicle purchase
L002297,C001280,2022-04-01,Credit card,19573.52,60,22.114,587.21,Revolving credit
L002298,C000676,2022-07-01,Auto loan,14348.85,48,7.547,347.25,Vehicle purchase
L002299,C000921,2022-08-01,Personal loan,41144.6,60,12.123,917.8,Debt consolidation
L002300,C001790,2023-08-01,Auto loan,57592.57,48,3.224,1280.48,Vehicle purchase
L002301,C000470,2022-01-01,Auto loan,61213.85,48,7.601,1482.96,Vehicle purchase
L002302,C001894,2022-04-01,Personal loan,45555.65,48,7.208,1095.29,Debt consolidation
L002303,C001305,2023-05-01,Auto loan,15433.34,48,6.712,367.51,Vehicle purchase
L002304,C000117,2023-04-01,Personal loan,7257.63,36,5.964,220.67,Major purchase
L002305,C000917,2020-07-01,Mortgage,275883.64,300,1.948,1162.39,Home purchase
L002306,C000494,2018-12-01,Mortgage,408088.8,240,3.235,2311.57,Home purchase
L002307,C000033,2023-02-01,Credit card,11623.98,60,22.084,348.72,Revolving credit
L002308,C000873,2022-02-01,Personal loan,37879.13,60,8.571,778.44,Home improvement
L002309,C001147,2022-01-01,Auto loan,35644.58,60,10.12,759.45,Vehicle purchase
L002310,C000837,2023-03-01,Auto loan,11244.49,48,6.586,267.11,Vehicle purchase
L002311,C001563,2021-04-01,Personal loan,15780.64,72,10.116,293.27,Major purchase
L002312,C001148,2022-07-01,Credit card,10222.05,60,15.947,306.66,Revolving credit
L002313,C001146,2021-07-01,Credit card,23647.34,60,21.525,709.42,Revolving credit
L002314,C001732,2022-08-01,Credit card,14185.78,60,21.175,425.57,Revolving credit
L002315,C000562,2023-03-01,Personal loan,26426.93,48,6.541,627.22,Home improvement
L002316,C000089,2021-11-01,Personal loan,31171.17,72,12.729,621.29,Education
L002317,C000036,2022-12-01,Auto loan,32962.05,60,7.214,656.02,Vehicle purchase
L002318,C000477,2022-02-01,Auto loan,11083.44,72,5.666,181.94,Vehicle purchase
L002319,C000860,2021-10-01,Credit card,23457.72,60,18.792,703.73,Revolving credit
L002320,C000239,2018-08-01,Mortgage,409622.2,180,2.027,2640.98,Home purchase
L002321,C001827,2021-11-01,Credit card,17761.93,60,14.95,532.86,Revolving credit
L002322,C000892,2023-10-01,Auto loan,42379.51,60,5.733,814.07,Vehicle purchase
L002323,C000532,2023-04-01,Credit card,21535.89,60,13.274,646.08,Revolving credit
L002324,C001095,2021-04-01,Auto loan,44089.25,72,3.56,680.99,Vehicle purchase
L002325,C001686,2022-05-01,Credit card,18470.19,60,19.605,554.11,Revolving credit
L002326,C000894,2018-12-01,Mortgage,277676.93,300,5.471,1700.43,Home purchase
L002327,C000288,2023-01-01,Personal loan,51989.92,36,11.944,1725.42,Home improvement
L002328,C000456,2022-03-01,Credit card,2257.11,60,20.474,67.71,Revolving credit
L002329,C000967,2022-12-01,Personal loan,35262.14,60,10.837,763.82,Education
L002330,C000603,2023-02-01,Personal loan,50147.45,24,12.023,2361.15,Debt consolidation
L002331,C002039,2023-01-01,Personal loan,41499.3,48,13.451,1122.63,Home improvement
L002332,C001195,2023-02-01,Personal loan,34103.16,36,13.527,1157.75,Debt consolidation
L002333,C000778,2023-08-01,Personal loan,34355.55,48,14.771,952.15,Debt consolidation
L002334,C000983,2022-03-01,Mortgage,387588.78,180,4.79,3022.75,Home purchase
L002335,C001598,2023-01-01,Personal loan,5911.47,48,5.86,138.45,Major purchase
L002336,C001918,2023-05-01,Auto loan,53198.03,72,7.66,923.93,Vehicle purchase
L002337,C002017,2023-09-01,Credit card,17607.25,60,19.664,528.22,Revolving credit
L002338,C000734,2022-12-01,Personal loan,23118.99,36,9.649,742.18,Debt consolidation
L002339,C000173,2023-09-01,Personal loan,50290.08,72,13.726,1028.89,Home improvement
L002340,C001369,2023-02-01,Auto loan,13617.32,60,3.305,246.53,Vehicle purchase
L002341,C001803,2023-06-01,Credit card,20081.79,60,16.279,602.45,Revolving credit
L002342,C001042,2021-07-01,Personal loan,15112.43,60,7.795,304.94,Debt consolidation
L002343,C000978,2023-10-01,Auto loan,25835.87,48,5.614,602.19,Vehicle purchase
L002344,C001516,2021-07-01,Credit card,3172.48,60,18.292,95.17,Revolving credit
L002345,C001559,2022-04-01,Personal loan,14687.04,60,6.594,288.02,Major purchase
L002346,C001418,2023-01-01,Auto loan,32988.36,48,6.271,778.84,Vehicle purchase
L002347,C000066,2022-05-01,Personal loan,48753.14,60,13.941,1132.91,Major purchase
L002348,C001433,2021-08-01,Personal loan,3167.01,60,5.48,60.46,Home improvement
L002349,C001131,2021-10-01,Credit card,23232.15,60,19.964,696.96,Revolving credit
L002350,C000276,2021-11-01,Personal loan,54446.33,60,6.415,1063.15,Debt consolidation
L002351,C000243,2019-11-01,Mortgage,384717.6,180,3.926,2831.38,Home purchase
L002352,C000627,2023-05-01,Credit card,10130.64,60,14.921,303.92,Revolving credit
L002353,C000408,2022-08-01,Personal loan,8891.71,36,5.349,267.89,Home improvement
L002354,C000310,2023-10-01,Auto loan,43557.4,60,3.93,800.8,Vehicle purchase
L002355,C001808,2023-04-01,Auto loan,25376.99,60,7.324,506.38,Vehicle purchase
L002356,C001902,2022-06-01,Mortgage,199148.71,180,5.728,1651.43,Home purchase
L002357,C001047,2022-05-01,Mortgage,386729.13,240,1.988,1954.24,Home purchase
L002358,C000343,2023-05-01,Credit card,9560.47,60,19.785,286.81,Revolving credit
L002359,C001524,2022-05-01,Mortgage,253686.71,240,4.69,1631.09,Home purchase
L002360,C000453,2021-12-01,Credit card,14879.06,60,22.437,446.37,Revolving credit
L002361,C002012,2022-02-01,Credit card,15012.2,60,14.631,450.37,Revolving credit
L002362,C000815,2022-11-01,Credit card,20887.51,60,14.218,626.63,Revolving credit
L002363,C001906,2023-03-01,Personal loan,16052.44,48,12.45,426.28,Major purchase
L002364,C000586,2022-01-01,Auto loan,36374.44,48,4.81,834.54,Vehicle purchase
L002365,C000047,2023-10-01,Personal loan,4096.83,72,4.598,65.22,Home improvement
L002366,C002014,2022-09-01,Personal loan,53665.56,48,13.353,1449.14,Home improvement
L002367,C001180,2022-07-01,Personal loan,6086.24,36,14.934,210.78,Education
L002368,C000400,2020-05-01,Mortgage,121059.61,300,4.412,666.84,Home purchase
L002369,C000588,2020-09-01,Mortgage,134663.18,240,3.195,760.04,Home purchase
L002370,C001819,2023-06-01,Personal loan,13882.55,60,6.353,270.67,Home improvement
L002371,C000576,2022-10-01,Credit card,17276.69,60,12.824,518.3,Revolving credit
L002372,C000207,2022-11-01,Personal loan,40499.99,36,4.344,1201.92,Home improvement
L002373,C000381,2022-02-01,Personal loan,37288.58,48,6.075,877.0,Home improvement
L002374,C001062,2023-08-01,Auto loan,35359.71,36,9.533,1133.22,Vehicle purchase
L002375,C001168,2021-10-01,Mortgage,125853.91,180,2.843,859.62,Home purchase
L002376,C001601,2022-11-01,Personal loan,35778.72,36,7.129,1106.85,Major purchase
L002377,C001844,2021-10-01,Mortgage,278480.52,180,4.447,2122.84,Home purchase
L002378,C001498,2023-05-01,Auto loan,42859.16,36,3.201,1250.19,Vehicle purchase
L002379,C001529,2021-10-01,Credit card,20844.17,60,19.129,625.32,Revolving credit
L002380,C000945,2021-10-01,Credit card,20630.61,60,14.794,618.92,Revolving credit
L002381,C001000,2023-04-01,Personal loan,6122.37,60,11.172,133.64,Debt consolidation
L002382,C000612,2022-07-01,Personal loan,5584.23,48,12.118,147.38,Education
L002383,C001612,2022-10-01,Credit card,9166.23,60,14.139,274.99,Revolving credit
L002384,C001603,2021-12-01,Personal loan,44866.68,60,6.317,874.03,Home improvement
L002385,C001330,2023-08-01,Personal loan,39657.84,48,13.807,1079.87,Debt consolidation
L002386,C000268,2023-05-01,Credit card,11072.42,60,17.508,332.17,Revolving credit
L002387,C001835,2018-08-01,Mortgage,286656.11,300,2.994,1358.45,Home purchase
L002388,C000917,2018-12-01,Mortgage,238786.89,300,4.155,1280.95,Home purchase
L002389,C001120,2023-08-01,Personal loan,24288.42,72,12.889,486.14,Home improvement
L002390,C000313,2022-02-01,Credit card,12794.14,60,14.832,383.82,Revolving credit
L002391,C001859,2023-06-01,Credit card,18584.5,60,20.957,557.54,Revolving credit
L002392,C000480,2018-11-01,Mortgage,209811.2,240,5.05,1390.46,Home purchase
L002393,C000009,2021-10-01,Personal loan,18296.34,60,7.08,362.98,Major purchase
L002394,C000407,2021-11-01,Credit card,11054.75,60,14.258,331.64,Revolving credit
L002395,C000544,2023-03-01,Credit card,13873.03,60,22.553,416.19,Revolving credit
L002396,C001752,2022-10-01,Personal loan,22508.56,36,8.391,709.41,Debt consolidation
L002397,C001130,2023-07-01,Personal loan,13178.93,48,13.214,354.96,Debt consolidation
L002398,C000537,2022-07-01,Personal loan,54250.34,60,11.047,1180.82,Education
L002399,C000714,2023-02-01,Credit card,17536.7,60,17.222,526.1,Revolving credit
L002400,C001589,2023-08-01,Credit card,23393.41,60,17.211,701.8,Revolving credit
L002401,C000751,2023-04-01,Auto loan,27807.85,60,3.583,506.91,Vehicle purchase
L002402,C000810,2022-07-01,Mortgage,313903.07,240,1.901,1573.33,Home purchase
L002403,C001044,2023-01-01,Credit card,10037.64,60,17.566,301.13,Revolving credit
L002404,C001073,2023-07-01,Mortgage,315703.4,240,5.314,2138.72,Home purchase
L002405,C001098,2022-09-01,Auto loan,29585.49,48,4.234,671.12,Vehicle purchase
L002406,C000319,2023-07-01,Auto loan,30718.82,36,4.896,919.23,Vehicle purchase
L002407,C001570,2021-03-01,Mortgage,110106.55,180,1.855,701.21,Home purchase
L002408,C000684,2023-05-01,Personal loan,20870.25,36,4.349,619.42,Debt consolidation
L002409,C000095,2023-07-01,Personal loan,16406.9,60,13.681,379.05,Debt consolidation
L002410,C001426,2023-03-01,Personal loan,39116.11,36,13.162,1321.02,Debt consolidation
L002411,C001670,2023-06-01,Personal loan,51240.05,60,8.375,1048.18,Education
L002412,C001227,2022-03-01,Personal loan,12221.62,48,8.321,300.21,Debt consolidation
L002413,C000088,2023-07-01,Credit card,14656.69,60,20.957,439.7,Revolving credit
L002414,C000246,2022-09-01,Personal loan,33081.7,48,11.751,867.13,Home improvement
L002415,C001577,2023-10-01,Auto loan,56667.35,60,5.493,1082.23,Vehicle purchase
L002416,C001983,2022-01-01,Credit card,2818.01,60,14.679,84.54,Revolving credit
L002417,C000870,2022-08-01,Auto loan,22340.4,48,9.31,559.24,Vehicle purchase
L002418,C002022,2023-06-01,Personal loan,52037.0,24,4.36,2268.06,Education
L002419,C001280,2023-02-01,Credit card,4709.73,60,12.591,141.29,Revolving credit
L002420,C000713,2021-03-01,Auto loan,45789.54,72,5.095,739.45,Vehicle purchase
L002421,C000382,2022-07-01,Personal loan,17805.72,60,8.682,366.88,Debt consolidation
L002422,C000447,2023-02-01,Personal loan,24827.36,48,6.241,585.81,Home improvement
L002423,C000631,2023-02-01,Personal loan,27632.51,60,8.702,569.62,Home improvement
L002424,C000161,2021-07-01,Auto loan,57223.17,60,5.178,1084.53,Vehicle purchase
L002425,C002009,2022-10-01,Auto loan,22923.67,48,8.847,568.79,Vehicle purchase
L002426,C000540,2023-07-01,Personal loan,29228.06,24,5.79,1292.64,Home improvement
L002427,C000171,2023-01-01,Personal loan,54893.51,48,4.19,1244.11,Home improvement
L002428,C001124,2022-01-01,Personal loan,10187.52,48,5.379,236.36,Debt consolidation
L002429,C000490,2023-06-01,Credit card,21248.07,60,19.857,637.44,Revolving credit
L002430,C001718,2023-07-01,Auto loan,28163.86,48,9.878,712.66,Vehicle purchase
L002431,C000146,2023-07-01,Auto loan,40624.66,48,3.777,913.22,Vehicle purchase
L002432,C001383,2023-08-01,Credit card,18596.73,60,14.905,557.9,Revolving credit
L002433,C000275,2023-05-01,Personal loan,11764.67,36,11.432,387.57,Debt consolidation
L002434,C001188,2018-01-01,Mortgage,108999.59,240,3.092,609.56,Home purchase
L002435,C000180,2021-09-01,Credit card,3106.62,60,15.24,93.2,Revolving credit
L002436,C001183,2023-01-01,Credit card,20319.06,60,22.376,609.57,Revolving credit
L002437,C000144,2022-11-01,Credit card,10047.35,60,16.005,301.42,Revolving credit
L002438,C000076,2022-05-01,Personal loan,3046.31,60,9.486,63.96,Home improvement
L002439,C000667,2018-11-01,Mortgage,166633.26,180,3.35,1178.96,Home purchase
L002440,C001448,2022-08-01,Personal loan,18994.15,60,5.702,364.58,Major purchase
L002441,C001019,2022-02-01,Personal loan,21589.43,60,10.009,458.81,Home improvement
L002442,C000708,2022-01-01,Credit card,5901.27,60,13.608,177.04,Revolving credit
L002443,C000300,2022-07-01,Personal loan,38946.19,48,10.302,993.43,Major purchase
L002444,C001372,2023-09-01,Mortgage,324306.22,240,4.955,2132.14,Home purchase
L002445,C000997,2023-10-01,Credit card,22697.02,60,21.491,680.91,Revolving credit
L002446,C001272,2022-03-01,Personal loan,6606.25,48,13.725,179.62,Home improvement
L002447,C001753,2022-03-01,Credit card,9595.18,60,15.845,287.86,Revolving credit
L002448,C000618,2023-04-01,Personal loan,17675.92,60,8.796,365.18,Major purchase
L002449,C001934,2022-08-01,Mortgage,359171.09,180,3.017,2483.35,Home purchase
L002450,C000936,2021-05-01,Mortgage,137054.65,300,3.646,696.92,Home purchase
L002451,C000720,2022-09-01,Personal loan,43239.5,60,11.366,948.04,Major purchase
L002452,C000609,2022-03-01,Personal loan,11163.05,60,10.978,242.59,Major purchase
L002453,C001651,2022-04-01,Auto loan,43221.22,60,5.81,831.78,Vehicle purchase
L002454,C000111,2018-03-01,Mortgage,329457.68,240,3.234,1866.01,Home purchase
L002455,C000912,2023-06-01,Credit card,13491.38,60,21.073,404.74,Revolving credit
L002456,C001606,2023-01-01,Personal loan,34177.03,36,9.143,1089.09,Home improvement
L002457,C000635,2022-10-01,Credit card,21158.92,60,13.125,634.77,Revolving credit
L002458,C000893,2022-08-01,Credit card,12574.57,60,18.53,377.24,Revolving credit
L002459,C000919,2023-05-01,Credit card,18012.62,60,22.885,540.38,Revolving credit
L002460,C001278,2021-08-01,Auto loan,12822.54,72,8.07,225.26,Vehicle purchase
L002461,C001891,2022-01-01,Credit card,14479.29,60,22.12,434.38,Revolving credit
L002462,C000499,2023-09-01,Personal loan,26821.42,48,5.065,618.47,Home improvement
L002463,C000294,2022-11-01,Personal loan,47241.5,36,4.876,1413.24,Education
L002464,C001718,2022-08-01,Mortgage,117608.03,180,3.145,820.41,Home purchase
L002465,C001725,2019-05-01,Mortgage,192299.99,300,1.831,799.34,Home purchase
L002466,C000791,2022-11-01,Credit card,12814.73,60,12.846,384.44,Revolving credit
L002467,C001586,2022-11-01,Auto loan,58673.14,48,9.498,1473.98,Vehicle purchase
L002468,C001473,2021-12-01,Credit card,14449.39,60,17.238,433.48,Revolving credit
L002469,C001669,2023-06-01,Personal loan,31920.02,24,7.725,1439.66,Home improvement
L002470,C001009,2022-09-01,Personal loan,52238.75,60,4.662,977.74,Home improvement
L002471,C000746,2022-06-01,Credit card,20747.99,60,15.433,622.44,Revolving credit
L002472,C001976,2022-11-01,Credit card,23002.87,60,23.159,690.09,Revolving credit
L002473,C000283,2023-01-01,Personal loan,32001.47,36,8.459,1009.59,Major purchase
L002474,C000215,2023-02-01,Personal loan,36434.27,48,15.126,1016.31,Debt consolidation
L002475,C000316,2023-03-01,Mortgage,394007.68,240,3.332,2251.13,Home purchase
L002476,C000312,2022-03-01,Credit card,13987.42,60,20.207,419.62,Revolving credit
L002477,C001198,2022-05-01,Mortgage,328809.01,180,4.194,2464.29,Home purchase
L002478,C001249,2023-06-01,Credit card,10205.04,60,21.418,306.15,Revolving credit
L002479,C001092,2022-05-01,Personal loan,31755.02,48,13.756,863.88,Major purchase
L002480,C001244,2022-11-01,Credit card,21598.34,60,16.532,647.95,Revolving credit
L002481,C001852,2023-06-01,Credit card,15103.72,60,17.845,453.11,Revolving credit
L002482,C000088,2022-10-01,Personal loan,44066.3,36,5.901,1338.62,Debt consolidation
L002483,C002046,2022-10-01,Personal loan,43103.0,48,8.641,1065.28,Debt consolidation
L002484,C000448,2022-07-01,Credit card,20505.38,60,20.186,615.16,Revolving credit
L002485,C001808,2022-12-01,Auto loan,53422.91,36,9.065,1700.45,Vehicle purchase
L002486,C001569,2022-09-01,Auto loan,54909.91,60,6.232,1067.49,Vehicle purchase
L002487,C000979,2023-04-01,Personal loan,45101.21,36,14.885,1560.9,Education
L002488,C001723,2023-09-01,Credit card,22805.71,60,21.1,684.17,Revolving credit
L002489,C001729,2022-04-01,Credit card,23806.03,60,23.502,714.18,Revolving credit
L002490,C000061,2022-06-01,Personal loan,35169.97,72,6.494,591.11,Major purchase
L002491,C001584,2022-01-01,Personal loan,38663.39,48,4.014,873.22,Debt consolidation
L002492,C000206,2022-05-01,Personal loan,20044.75,48,11.712,525.03,Major purchase
L002493,C000517,2020-02-01,Mortgage,412334.31,180,3.339,2915.31,Home purchase
L002494,C000473,2023-07-01,Personal loan,10047.46,24,9.99,463.59,Education
L002495,C000709,2022-07-01,Personal loan,28977.81,36,12.548,970.08,Debt consolidation
L002496,C000496,2022-09-01,Auto loan,41361.72,48,3.788,929.99,Vehicle purchase
L002497,C001405,2022-11-01,Credit card,23556.06,60,17.029,706.68,Revolving credit
L002498,C000394,2022-01-01,Credit card,11132.85,60,18.722,333.99,Revolving credit
L002499,C000685,2021-10-01,Auto loan,17115.25,72,9.308,311.14,Vehicle purchase
L002500,C000086,2022-07-01,Auto loan,28265.85,72,9.964,523.14,Vehicle purchase
